88,1384448,
8552960,14908672,969984,
8642304,14851072,1199360,
8617472,14832896,1189888,
8642560,14824704,1264640,
8654592,14873088,1285888,
8705024,14841088,1123840,
8741376,14908928,1224448,
8770048,14901504,1182976,
8711936,14849536,1289472,
8646144,14871296,1251328,
8625152,14888192,1163264,
8654080,14878976,1283328,
8627200,14909696,1221632,
8652288,14890240,1297664,
8659968,14910464,1328640,
8633856,14863360,1287424,
8640512,14911744,1374976,
8593920,14884096,1173248,
8598528,14950144,1108992,
8638720,14938112,1257216,
8646656,14885632,1340160,
8653312,14931968,1393408,
8568832,14904576,993792,
8691456,14904576,1299456,
9022720,14913536,1410048,
8674816,14889216,1189376,
8659968,14875136,1345536,
8674304,14843904,1337856,
8670720,14845696,1238784,
8712192,14810368,1247232,
8789248,14791168,1258496,
8798464,14856192,1241600,
8846336,14774016,1251072,
8882432,14822144,1377792,
8771072,14809856,1244416,
8684032,14797312,1163008,
8699648,14821888,1260032,
8774144,14792448,1239808,
8735232,14786816,1054208,
8707328,14732288,1264896,
8780032,14734592,1313536,
8736256,14804736,1078016,
8744192,14737152,1223168,
8761344,14786048,1284608,
8733184,14770688,1021696,
8782336,14790400,1274624,
8758784,14823680,1291008,
8702208,14784768,1055744,
8777216,14836224,1323776,
9160704,14859264,1367040,
8841216,14865664,1169408,
8820736,14844416,1337600,
8851456,14798848,1350400,
8820480,14816768,1140224,
8853504,14719744,1177600,
8904960,14687488,1252096,
8918016,14746880,1232896,
8980224,14753024,1288192,
8952832,14828288,1385984,
8864768,14799360,1261568,
8764672,14925824,1295616,
8775680,14868736,1253120,
8855296,14745856,1310976,
8837632,14775808,1357056,
8826368,14723584,1267968,
8865536,14802176,1316864,
8857344,14771456,1270528,
8863744,14763008,1313024,
8861696,14787584,1359872,
8858112,14753280,1287936,
8844800,14800640,1374720,
8814848,14767616,1307904,
8817664,14770176,1369088,
9178880,14834688,1497344,
8902144,14820864,1396736,
8852736,14825984,1402112,
8846848,14776064,1309440,
8858880,14794496,1424640,
8882432,14795776,1395456,
8901376,14788608,1388288,
8928512,14850560,1435392,
8973824,14845440,1435392,
8978944,14865920,1525760,
8855808,14813184,1443328,
8849664,14782720,1425920,
8824832,14835968,1434368,
8799744,14777856,1330688,
8845824,14847488,1414144,
8813568,14820352,1399040,
8832000,14798592,1438208,
8794624,14828544,1450240,
8807424,14785280,1370624,
8833536,14854400,1461760,
8804608,14789120,1352448,
8790784,14810880,1411840,
8783872,14804224,1423872,
8716544,14751232,1314560,
9207552,14899456,1515008,
8783616,14854912,1359616,
8769792,14846208,1437952,
8737024,14931200,1553920,
8749056,14885888,1499392,
8742656,14929408,1312000,
8781056,14867456,1433088,
8879872,14875648,1547776,
8813824,14870784,1309440,
8845824,14830848,1455616,
8796672,14859264,1444608,
8743168,14787584,1244672,
8749824,14838016,1463040,
8749824,14820352,1423616,
8690944,14822400,1176320,
8739072,14831616,1449728,
8736256,14776832,1367808,
8708864,14833920,1321984,
8741632,14807040,1416960,
8766464,14786304,1445632,
8703488,14811648,1449472,
8699392,14762240,1217536,
8737280,14817280,1445888,
9038848,14828544,1453056,
8827648,14864384,1467136,
8742656,14818560,1449216,
8745984,14798336,1454848,
8768512,14868480,1509376,
8728320,14830848,1282048,
8791040,14846720,1520384,
8835328,14856192,1514752,
8874240,14837760,1519872,
8851200,14889984,1515264,
8776448,14821376,1440512,
8742400,14740736,1357312,
8740352,14722816,1293824,
8738048,14718720,1340416,
8733440,14759168,1399296,
8711168,14742272,1335040,
8743936,14785792,1446400,
8718848,14778880,1410048,
8736768,14787840,1390848,
8746752,14815744,1459968,
8697856,14761728,1380352,
8730112,14811392,1480960,
8688384,14777600,1402368,
8844544,14768384,1456384,
8824832,14823936,1504000,
8728320,14795520,1436672,
8754944,14914816,1560576,
8728832,14969088,1511424,
8765952,14992640,1639680,
8782592,15030784,1641728,
8798464,15047424,1628928,
8866560,15078656,1695744,
8848384,15038464,1634048,
8790272,15009024,1664768,
8715264,14951168,1561856,
8704000,14937856,1515008,
8706048,14927872,1583616,
8690688,14903808,1490944,
8712960,14892800,1547520,
8691200,14863616,1469696,
8670208,14844416,1492992,
8676096,14788608,1471232,
8694528,14775040,1389312,
8703232,14822144,1456640,
8667904,14798848,1393152,
8675328,14782208,1467392,
8617728,14739200,1480960,
9006592,14763776,1540096,
8761856,14799104,1543936,
8660480,14729728,1428480,
8658944,14756096,1519360,
8665856,14803712,1521664,
8664064,14810624,1500416,
8699136,14863360,1596416,
8709632,14842880,1472512,
8774912,14877440,1562368,
8734464,14883584,1517824,
8643328,14829568,1456640,
8629504,14856960,1553152,
8631040,14817024,1508352,
8598272,14854400,1603584,
8616704,14891008,1570816,
8614144,14880512,1579520,
8623616,14958080,1744384,
8608256,15075840,1739776,
8635648,15464704,1984000,
8660224,15413248,1882112,
8623104,15287040,1810688,
8611328,15206144,1834496,
8600832,15152128,1766144,
8685824,15107072,1775104,
8854528,15146752,1787904,
8637952,15076608,1725952,
8614400,15039488,1701888,
8595200,15036160,1616384,
8628224,15064064,1679104,
8593408,15048192,1641728,
8671488,15022080,1717248,
8685568,15027712,1690112,
8717824,15025408,1642752,
8667392,14950912,1671680,
8582656,14856192,1564160,
8605184,14797312,1598208,
8574976,14801408,1516544,
8556032,14760448,1494528,
8579584,14754048,1539072,
8567296,14742784,1533440,
8606464,14758144,1572096,
8560128,14785024,1559808,
8578304,14804480,1557760,
8602624,14847744,1609728,
8573440,14757632,1502208,
8609024,14691584,1504256,
8569088,14632960,1400832,
8504832,14593024,1416448,
8988160,14741760,1609728,
8580096,14726912,1406208,
8583424,14713088,1512960,
8583424,14662144,1512960,
8570624,14668800,1568256,
8571904,14755072,1672192,
8614400,14705664,1610496,
8667648,14790144,1713408,
8686336,14777088,1602048,
8680448,14747392,1605376,
8584192,14660096,1517568,
8617216,14554880,1458176,
8527872,14574592,1545472,
8580352,14678272,1471232,
8637184,14746368,1500416,
8624384,14745088,1522432,
8606720,14679808,1545472,
8605184,14679296,1673472,
8608256,14659584,1644800,
8626432,14703872,1684992,
8614656,14746112,1713408,
8602880,14743296,1677312,
8538880,14804480,1711872,
8508672,14787840,1647360,
8565504,14819584,1730560,
8965120,14875904,1818880,
8552960,14802176,1701888,
8508416,14794240,1640192,
8526336,14753536,1604352,
8542720,14784256,1673472,
8566016,14740992,1670400,
8635392,14748672,1731584,
8674304,14762496,1799680,
8714496,14750208,1758464,
8672000,14794240,1767168,
8582912,14756352,1662208,
8568064,14775296,1702144,
8524544,14770944,1675520,
8563968,14740992,1656576,
8539392,14821120,1725696,
8515072,14823680,1575424,
8529664,14833152,1767424,
8500224,14875136,1774080,
8542464,14877696,1811712,
8555264,14887424,1873408,
8546048,14860032,1814272,
8568832,14870272,1842688,
8524032,14821120,1720832,
8521472,14831360,1700864,
8502272,14837504,1692416,
8672768,14799616,1705728,
8642560,14863872,1830912,
8538112,14846464,1752832,
8525824,14748928,1724672,
8499456,14735872,1757184,
8519936,14702336,1682432,
8534784,14728704,1760256,
8547840,14694400,1717760,
8617472,14727424,1751552,
8633088,14767616,1698048,
8578048,14679296,1583104,
8531456,14704640,1628928,
8505344,14685440,1594880,
8497152,14711296,1688064,
8502016,14703872,1707264,
8493568,14676736,1684224,
8494080,14692096,1678592,
8482304,14636544,1601280,
8507392,14656768,1671680,
8478976,14677248,1653760,
8503296,14681856,1665280,
8498688,14754048,1702912,
8528640,14756096,1656064,
8512256,14769920,1712128,
8487168,14754816,1658880,
8487424,14742528,1710080,
8459008,14776064,1688320,
8941056,14847744,1769472,
8573952,14880768,1715456,
8509440,14838016,1614848,
8519936,14813440,1683968,
8519168,14803968,1718016,
8541696,14785536,1687808,
8572672,14769152,1775872,
8633344,14737920,1735424,
8698112,14748928,1792512,
8660992,14743552,1780224,
8560640,14705920,1735424,
8503040,14773504,1798912,
8502272,14745088,1674240,
8508672,14763520,1788416,
8494848,14781440,1785344,
8495872,14738176,1703168,
8506368,14792960,1694976,
8498432,14758912,1666304,
8512768,14771456,1795584,
8483328,14790400,1732352,
8476928,14763008,1711104,
8456192,14810624,1803776,
8506368,14782976,1697792,
8479488,14821120,1828608,
8457216,14778112,1778688,
8463616,14775552,1831936,
8397056,14807296,1793536,
8995840,14912256,1849088,
8482304,14911488,1776896,
8435712,14855936,1692416,
8443392,14823424,1701888,
8443136,14829568,1703424,
8448768,14775040,1648384,
8469504,14807808,1754368,
8519936,14799872,1718272,
8573440,14822656,1852416,
8512768,14828288,1837568,
8431616,14823680,1838336,
8420608,14876416,1814528,
8404992,14804480,1598720,
8435712,14799616,1605120,
8404736,14781440,1664256,
8423680,14749440,1615872,
8429312,14817280,1666560,
8448000,14780160,1607936,
8449024,14786304,1674752,
8441600,14794240,1675264,
8449280,14777088,1704704,
8439296,14770176,1724672,
8459520,14751232,1678848,
8474112,14768128,1694720,
8410112,14786560,1620992,
8432896,14871296,1767680,
8376576,15132160,1919744,
8835584,15584512,2237184,
8535296,15542528,2184960,
8434688,15365120,2018816,
8429824,15242240,2005504,
8427008,15132416,1937152,
8403456,14997504,1858560,
8429312,14781696,1789952,
8406272,14528512,1527296,
8471808,14505216,1565696,
8473088,14577408,1585408,
8383744,14632448,1569792,
8339712,14740736,1623808,
8323584,14743552,1596928,
8315136,14679296,1614336,
8297728,14588160,1551616,
8334592,14629376,1591552,
8345856,14664960,1684224,
8315392,14632448,1656064,
8343808,14689792,1692672,
8351744,14702848,1638656,
8372992,14694912,1719040,
8382976,14743808,1729024,
8389120,14731776,1687296,
8409344,14760704,1749504,
8362240,14735104,1661952,
8382208,14757120,1733376,
8849152,14802432,1865984,
8464128,14754816,1768448,
8442368,14728704,1825536,
8446208,14720000,1712896,
8469248,14718976,1739520,
8488192,14742016,1762816,
8525056,14738432,1778432,
8567296,14762240,1866496,
8627712,14751488,1779456,
8647424,14792448,1891840,
8516352,14782976,1810176,
8487424,14761472,1819648,
8488704,14773504,1870592,
8496640,14734336,1814784,
8517888,14740224,1853952,
8484608,14749440,1758720,
8512768,14736640,1760768,
8498432,14739200,1790208,
8491008,14690816,1745408,
8467712,14712320,1811968,
8483840,14695936,1754368,
8518400,14695424,1794304,
8493824,14697472,1787648,
8487424,14656768,1765888,
8492288,14688768,1837312,
8576768,14658560,1761280,
8768000,14768896,1867008,
8519424,14707968,1737472,
8508928,14685440,1686272,
8529152,14746624,1790208,
8509184,14708736,1719040,
8530944,14727936,1811456,
8561664,14726144,1812736,
8603392,14736896,1816064,
8674304,14779136,1824512,
8583168,14737920,1752576,
8517888,14735616,1828096,
8505856,14725120,1785088,
8481280,14723584,1765376,
8518144,14749440,1769728,
8504320,14706688,1674496,
8531968,14755584,1822720,
8493568,14734592,1761792,
8540160,14733568,1727488,
8538112,14748160,1716736,
8537600,14722304,1643520,
8556288,14774016,1780992,
8498688,14736384,1722368,
8512512,14749696,1737728,
8486144,14753024,1686528,
8886784,14744576,1756672,
8586240,14758400,1756416,
8502272,14648576,1634560,
8498176,14664192,1696000,
8513280,14652672,1661184,
8513280,14621696,1602816,
8579072,14655232,1674752,
8590848,14651136,1610752,
8651008,14722048,1695488,
8643840,14768128,1676544,
8521216,14757632,1708544,
8484096,14759680,1736448,
8460800,14726400,1658880,
8492032,14756352,1740288,
8509184,14812416,1688576,
8512768,14893824,1739264,
8509440,15037696,1765120,
8469248,14946816,1697536,
8523008,14945536,1740032,
8516352,14930944,1687296,
8501760,14901248,1678080,
8490496,14891776,1656832,
8481280,14853632,1594368,
8466176,14852864,1682688,
8921856,14893056,1716992,
8557824,14869248,1613312,
8515328,14842624,1550336,
8506624,14848768,1556224,
8530432,14844928,1575680,
8512512,14827008,1549568,
8545536,14843648,1591040,
8587776,14770176,1523968,
8635136,14625792,1481472,
8614656,14607616,1541376,008,
8628992,14900736,2117888,
8689920,14888960,2084352,
8757248,14959616,2209280,
8769280,14976512,2182400,
814857472,2123008,
8628992,14900736,2117888,
8689920,14888960,2084352,
8757248,14959616,2209280,
8769280,14976512,2182400,
8718080,14963456,2167296,
8643584,14987264,2172672,
8629760,14941952,2134784,
8635136,14988032,2209280,
8636672,14983168,2148352,
8655360,14976512,2199296,
8638208,14955008,2233856,
8655104,14942208,2163712,
8654080,14970368,2178304,
8634880,14979328,2094336,
8653312,15130624,2268160,
8684544,15225600,2322688,
8634880,15196160,2272768,
8634624,15181824,2318592,
8619264,15123200,2217216,
8604928,15068160,2260736,
9077248,15092736,2417664,
8636160,14982912,2161664,
8608256,14906368,2216448,
8601856,14854656,2090496,
8628736,14820096,2059520,
8595712,14804224,2003456,
8613376,14780928,2001920,
8663552,14780416,2040064,
8672256,14802944,2010624,
8660224,14802432,2058240,
8541952,14768896,1990144,
8492544,14770944,1994496,
8465408,14773760,1995008,
8441856,14758144,1954304,
8468480,14780928,2072832,
8445184,14789120,1982720,
8471040,14781184,1987584,
8439808,14777088,1935360,
8422912,14774016,1947136,
8435456,14775296,1994240,
8446464,14809344,1962496,
8431872,14807296,2012416,
8423424,14825728,1987328,
8412672,14841344,1960448,
8390656,14808064,1987840,
8901632,14878976,2150656,
8458752,14828544,2049536,
8438016,14820352,1954816,
8434944,14815488,1941248,
8446976,14832128,2014464,
8436992,14823424,1990656,
8480512,14832128,2016512,
8529664,14856192,2013440,
8573952,14863872,2080256,
8557568,14897152,2059264,
8466176,14853120,2015232,
8450048,14844928,2092032,
8453888,14838528,2028544,
8472320,14844160,2030848,
8492288,14832384,2019584,
8496384,14819328,1967616,
8525056,14876160,2082048,
8459264,14876416,1985536,
8472832,14880768,2058240,
8478720,14889472,2110464,
8511488,15021568,2126336,
8528128,15041024,2161664,
8510464,14998272,2084096,
8522240,14979072,2114816,
8548352,14934784,2090752,
8892160,14975744,2170112,
8540672,14929408,2089216,
8489472,14872832,1993216,
8453632,15042048,2086912,
8457472,15006464,1910272,
8537856,14958336,2177280,
8579840,14981376,2194944,
8579584,14910976,1772288,
8689408,14954496,2140416,
8622848,14905088,2030592,
8496896,14825216,1838848,
8529152,14827008,2024704,
8515328,14766336,1905152,
8522752,14806784,1720320,
8528896,14796032,1921024,
8524288,14769152,1972736,
8491520,14806784,1837056,
8496384,14787328,1875456,
8511232,14810880,1998592,
8494848,14772992,1874944,
8510976,14768384,1893120,
8495360,14774272,1929984,
8485632,14746624,1772288,
8452352,14736384,1903104,
8980992,14803456,2014720,
8494592,14781696,1720320,
8511744,14759680,1847296,
8496640,14767360,1899264,
8455680,14782720,1713152,
8523776,14773760,1915136,
8542208,14806016,1969920,
8517120,14815744,1675264,
8620800,14828032,1983232,
8609280,14840576,1976832,
8481280,14760960,1872896,
8481280,14795776,1966336,
8451584,14760192,1712384,
8483328,14774272,1795840,
8492544,14809856,1905920,
8450816,14777088,1725696,
8486400,14818816,1963264,
8481536,14806016,1888768,
8459008,14833920,1750016,
8487936,14841856,1958144,
8509952,14812160,1898752,
8502016,14852864,1798144,
8498432,14770432,1878784,
8513792,14771200,1910528,
8478720,14778880,1790208,
8749056,14770944,1864704,
8625664,14897408,1985536,
8521728,14795520,1874432,
8501760,14828544,1966080,
8504832,14894080,1973504,
8537856,14882816,1988096,
8525056,14882816,1965568,
8572416,14799616,1800448,
8677632,14831616,1983232,
8621824,14834944,1876736,
8586752,14769408,1859840,
8508928,14783232,1845248,
8515072,14764032,1830912,
8561920,14791424,1950976,
8502528,14707200,1847296,
8547840,14732032,1933568,
8546816,14768640,1918464,
8507136,14750208,1795072,
8565248,14736384,1960960,
8556544,14711296,1917440,
8577280,14739968,2027264,
8587264,14793472,2024192,
8599296,14843136,1975040,
8631552,14907392,2060032,
8604672,14856960,1968384,
8742656,14860288,1737472,
8750336,14929152,1979136,
8620800,14852864,1977344,
8636928,14898688,1899776,
8616448,14836480,1843968,
8647936,14824704,2017792,
8661248,14837760,2008576,
8708096,14852096,1838336,
8780288,14890752,2081024,
8767744,14893824,1984000,
8668928,14935552,1881344,
8633856,14877184,1961472,
8652288,14849280,1947136,
8591616,14875904,1839616,
8609792,14857216,1876480,
8638208,14910720,2034688,
8595968,14904320,1888512,
8635392,14897408,1954304,
8620032,14910464,1993472,
8608256,14891264,1923328,
8631296,14961152,2000384,
8621568,14899200,1968896,
8580608,14915072,1873920,
8571904,14913536,1936640,
8589568,14902272,1905920,
8919552,15000064,1916416,
8685312,14934528,1980672,
8645376,14809344,1887488,
8613888,14800384,1799936,
8630016,14824192,1874176,
8628992,14894336,1929216,
8633600,14874368,1906688,
8675584,14962688,2099712,
8728832,14993408,2131200,
8718336,14953728,2047488,
8646400,14921472,1847552,
8606720,14854912,1862144,
8602112,14910720,1976064,
8613120,14899200,1902848,
8645120,14923008,1895680,
8635136,14960128,1996288,
8625152,14920960,1956864,
8619008,14980352,2011392,
8586752,14956800,1937664,
8599808,14975488,2046208,
8603392,15021568,2014208,
8536832,14989824,1888768,
8528640,15177216,1958656,
8496128,15118848,1918464,
8698880,15099648,2147584,
8597248,15123712,2101248,
8496640,15087104,1905152,
8485632,15126272,2110720,
8483840,15081216,1868800,
8478208,15067904,1995008,
8512000,15051776,2068224,
8485632,15032064,1700864,
8572672,15097344,2059264,
8568576,15069440,1985536,
8488192,15074560,2000896,
8390656,15024384,1954048,
8347648,15022336,1668864,
8383488,15041536,2012160,
8377344,14958336,1897728,
8376576,14998528,1839360,
8379392,14968576,1945344,
8325376,15010560,1647872,
8372224,14994176,1981696,
8404224,14942720,1920000,
8322816,14988544,1738752,
8363776,14970624,1831168,
8331008,14993152,1828352,
8586496,15006208,1948928,
8408576,15024128,1970688,
8389120,15013376,1874688,
8383744,15000320,1938176,
8366592,15026176,1693184,
8440064,15037184,1991168,
8461568,14996224,1952512,
8441600,15037440,1794560,
8519168,15024384,1989376,
8558080,15055872,1970944,
8450048,15037184,1907712,
8431104,15007232,1974272,
8380928,15031808,1763328,
8409600,14984448,1898240,
8436736,15010560,1960960,
8400640,14976768,1793792,
8432896,14953472,1962496,
8444672,14994432,1977344,
8408064,14976000,1849344,
8454144,15002368,2047744,
8418304,14963712,1940736,
8396544,14985984,1766400,
8397824,14985984,1950208,
8914944,15003648,2029312,
8503808,14917376,1842176,
8475904,14841600,1825280,
8497152,14903296,1898752,
8484608,14918400,1858304,
8503296,14890752,1795840,
8546560,14900736,1953024,
8576512,14890752,1923840,
8631040,14934272,1969152,
8578560,14875136,1871872,
8507648,14904064,1917440,
8470784,15029248,1996032,
8444928,15066368,1989632,
8491264,15066368,2046464,
8459008,15056384,1982976,
8482560,15050496,2042112,
8469248,15018240,2011392,
8442112,14970112,1959424,
8519424,14981632,2049536,
8466176,14948096,1956608,
8476928,14934784,1986304,
8468480,14931456,2001152,
8467712,14901504,1952000,
8801280,14962432,2076928,
8468480,14938112,1909504,
8481536,14906880,1950720,
8464128,14896896,1957888,
8485120,14910720,1901568,
8513024,14913280,1938432,
8553984,14956032,1936640,
8639488,14957824,2021120,
8626944,14993152,2031872,
8566272,14958080,1998592,
8492800,14958080,2014208,
8457216,14945536,1967872,
8472320,14920960,2020096,
8456704,14920192,1981696,
8476928,14906112,1992704,
8458240,14904576,2008576,
8457216,14910208,1891840,
8487424,14898176,1953280,
8483840,14878976,1932800,
8470272,14847488,1893376,
8460032,14851584,1910528,
8478464,14854400,1911808,
8650752,14905344,2027520,
8608256,14988544,2024448,
8517632,14921472,2019840,
8512000,14924544,2041856,
8524032,14926592,2009344,
8555008,14943232,2035456,
8562688,14965248,1993728,
8608512,14998016,2051584,
8675072,15020544,2027520,
8688128,15033344,2082048,
8605952,15073280,2121984,
8553216,15070720,2013696,
8576256,14968320,2016256,
8560640,15054848,2068736,
8582144,15020544,2009344,
8589824,15032832,2107392,
8597504,15026944,2071552,
8630272,15058944,2131712,
8612096,15047936,2144512,
8600576,15021056,2070272,
8637952,15083008,2153984,
8558848,15234560,2288128,
8568320,15204864,2302720,
8578304,15183872,2195200,
8625664,15124480,1955328,
8814336,15157760,2252032,
8592128,15069184,2093312,
8539904,15091968,1917184,
8560384,15084800,2034944,
8548608,15086336,2032640,
8585728,15103488,2131200,
8599296,15058944,2055168,
8601600,15140352,1934848,
8625152,15109120,2098432,
8554752,15075840,2131200,
8467456,15075840,1775360,
8485632,15040512,2050048,
8453888,15077888,2018560,
8463360,15034624,1964800,
8486656,15077120,2031872,
8407808,15073024,1726720,
8479744,15037696,2027264,
8474624,15095552,2042880,
8417024,15043840,1841920,
8483584,15097088,2087936,
8413952,15084544,1699072,
8468224,15074304,2051072,
8457984,15085056,2024960,
8442880,14993664,1996544,
8736512,15061760,2199552,
8524544,15090688,1854720,
8509440,15075584,2032640,
8419328,15095808,1650432,
8488192,15065088,2010880,
8469248,15105024,1903104,
8500992,15099136,1952512,
8606464,15113728,2129920,
8562944,15165184,1824768,
8622592,15111680,2085888,
8509696,15119360,2063104,
8480256,15036672,2033920,
8500736,15068672,2083840,
8486656,15078912,1873920,
8515328,15064832,1988608,
8466688,15115520,1628928,
8524544,15060480,1966848,
8479744,15094528,1725696,
8547072,15108096,2055168,
8495872,15105536,1680640,
8577280,15142656,2061056,
8542208,15083008,1780992,
8621056,15101952,2114560,
8578560,15062784,1967360,
8585984,15088640,1915392,
8586496,15105536,2050048,
8878592,15105280,1677824,
8715520,15181824,2149632,
8587264,15081728,1846272,
8628480,15104000,2085120,
8638720,15148800,1902848,
8655872,15090688,2009088,
8698368,15118336,2094592,
8700928,15065600,1968640,
8802304,15113472,2137600,
8731136,15145984,1814016,
8709376,15106560,2063104,
8629248,15157248,1807872,
8659200,15076096,1974784,
8708608,15113216,2089984,
8689152,15124736,1951488,
8707584,15090432,2049024,
8743680,15072512,1850880,
8736000,14987776,1950464,
8748544,15029248,2040576,
8752896,15031296,1958400,
8763136,15047936,1942528,
8767488,15094528,2015488,
8787456,15071744,2000384,
8768256,15103488,2057984,
8752896,15098112,2025984,
8783616,15110144,2081280,
8796160,15136256,2127872,
9139712,15175424,2147584,
8754176,15183360,2061568,
8733184,15186688,2075904,
8741888,15187712,2003456,
8790784,15183360,2182400,
8754688,15140096,2085888,
8810752,15163392,1969408,
8877056,15099136,2055936,
8892416,15141632,2112256,
8845568,15144192,2093568,
8751360,15092224,2045952,
8753408,15146240,2043904,
8716032,15097344,2011904,
8743680,15092480,2095360,
8739584,15102720,2073088,
8742912,15090944,2088448,
8764672,15116544,2103552,
8742400,15103488,2010624,
8776704,15136768,2109696,
8748800,15116800,2073344,
8777216,15116288,2123264,
8772864,15173632,2135296,
8734464,15116544,2046720,
8758016,15150336,2178560,
8728832,15112704,2109696,
9196800,15211008,2290176,
8776704,15189248,2153728,
8752896,15130112,2133504,
8758784,15184640,2155520,
8748544,15136000,2068992,
8759808,15152640,2108160,
8796672,15196672,2131968,
8850176,15153920,2133504,
8897280,15229952,2245632,
8823552,15189504,2155776,
8735232,15169536,2153472,
8682752,15164416,2132224,
8668416,15149312,2110208,
8670208,15182592,2179328,
8656896,15182336,2061824,
8634112,15261952,2091520,
8639488,15236352,2105088,
8664832,15209984,2130432,
8670208,15245568,2175488,
8610048,15186688,1876224,
8707584,15212288,2164224,
8660736,15136000,2079744,
8632064,15144960,1974528,
8672768,15195392,2130432,
8818944,15136000,2089216,
8774144,15225088,2082304,
8685568,15127552,2056704,
8697856,15142656,2096384,
8695296,15149312,2089728,
8675072,15112704,1930240,
8745984,15164160,2139904,
8759808,15131648,2052352,
8821760,15170048,2035456,
8819968,15179776,2084096,
8744960,15132928,2096384,
8676864,15160064,2133248,
8620800,15117056,1900288,
8653568,15130112,2068992,
8643584,15118336,2059520,
8669696,15096064,2072064,
8668160,15132672,2051584,
8644096,15057920,1954816,
8676608,15067648,2025472,
8641280,15031552,1936384,
8651008,15041536,1906688,
8695808,15118592,2032896,
8640256,15078912,1962496,
8667136,15105024,2112512,
8658944,15121920,2108160,
8786944,15148544,2134272,
8870656,15293184,2279168,
8679680,15172608,2159360,
8668928,15167744,2168832,
8679680,15102976,1974784,
8684800,15104768,2010112,
8722944,15117312,2085632,
8761088,15095552,2038784,
8828928,15156736,2154240,
8840704,15162624,2068480,
8795648,15141632,2088448,
8724992,15147264,2065408,
8696576,15108096,2047744,
8720640,15151616,2089472,
8696064,15098112,1990656,
8735232,15130112,2062336,
8718848,15138560,2072832,
8716544,15101184,2059520,
8724480,15129600,2087168,
8716544,15088640,1989120,
8724480,15107328,2088448,
8702464,15099904,2063360,
8770816,15102976,2063104,
8785664,15110400,2051840,
8714240,15076352,1936384,
8767232,15143168,2085376,
8700160,15087872,2027008,
8987136,15117568,2145536,
8823040,15256832,2155520,
8754176,15362560,2141696,
8756480,15524096,2278144,
8738560,15448064,2200064,
8767232,15405312,2259712,
8780032,15377664,2235136,
8806400,15331840,2190080,
8851200,15317504,2243584,
8837888,15277056,2166784,
8789504,15208448,2124544,
8716032,15164416,2091008,
8729344,15153408,2071808,
8726784,15109376,2094336,
8721152,15104000,2031616,
8728064,15132416,2070528,
8689408,15114752,2003968,
8690944,15098624,2014208,
8695808,15105536,2080000,
8660480,15085824,1959168,
8686336,15094272,1976576,
8684288,15090944,1981440,
8699392,15084800,1986560,
8691456,15078144,1975296,
8708096,15096320,1952256,
8716800,15077376,1994496,
8667392,15085568,1971968,
8692736,15085568,1996800,
8668928,15057408,1943552,
9231360,15187968,2102272,
8759552,15127040,2034432,
8708352,15120896,1964800,
8741888,15095296,1984000,
8716032,15133952,1966592,
8752384,15116032,1951232,
8771072,15130112,1976576,
8800768,15158528,1940736,
8848896,15168000,2008576,
8785408,15182848,1979136,
8722688,15173120,1974784,
8686080,15145472,2002432,
8645888,15118592,1908224,
8667136,15121408,1962752,
8640000,15119104,1894400,
8651264,15125248,1920000,
8656896,15087616,1914112,
8627968,15182336,1894400,
8637952,15158528,1949440,
8639488,15187968,1862400,
8638464,15181568,1871360,
8661248,15208192,1920000,
8644352,15231488,1893888,
8668672,15201792,1969152,
8638464,15218432,1922816,
8660224,15205632,1913856,
8736512,15195392,1873408,
8783104,15237632,1880576,
8656384,15175680,1919744,
8688640,15203584,1866240,
8693248,15173888,1844736,
8669184,15223296,1823488,
8679168,15205888,1794304,
8772864,15209216,1916160,
8791552,15237120,1842944,
8852480,15237888,1899520,
8758272,15189248,1872384,
8665088,15162112,1807616,
8661504,15138816,1857536,
8668416,15169024,1820416,
8699648,15154688,1878272,
8691968,15162368,1846016,
8685824,15149056,1842944,
8656640,15142144,1807616,
8640512,15143680,1769216,
8697344,15145984,1856768,
8670976,15149568,1774336,
8697344,15140608,1792000,
8725504,15147776,1852672,
8689920,15159808,1794560,
8709632,15158016,1871616,
8687872,15185920,1822208,
8741376,15160576,1871360,
9219584,15294464,2061056,
8738816,15218432,1862144,
8733184,15209216,1864448,
8729088,15224832,1822720,
8736768,15225600,1887488,
8751872,15217664,1878016,
8796672,15209984,1891584,
8865792,15225600,1943552,
8862720,15225600,1862912,
8850176,15192832,1922816,
8750336,15149312,1883392,
8735744,15115264,1834752,
8755456,15119360,1827328,
8743424,15110912,1764352,
8758784,15097344,1814784,
8748544,15106048,1772032,
8746240,15099136,1740288,
8746752,15093504,1777664,
8756224,15091456,1741312,
8756736,15060736,1810432,
8743424,15060736,1736960,
8798464,15043840,1821696,
8779520,15049472,1791744,
8763904,15022336,1687040,
8784640,15024640,1756928,
9176832,15091712,1818112,
8873472,15068416,1793536,
8788736,15028992,1740032,
8782080,15069952,1703680,
8809472,15094272,1758464,
8808192,15139328,1725952,
8843776,15167744,1792768,
8898304,15193856,1760512,
8935680,15223296,1808640,
8927744,15256064,1873408,
8829440,15229952,1732352,
8849920,15246592,1756672,
8827136,15245312,1734656,
8835072,15275520,1761792,
8845568,15284736,1809408,
8811264,15278080,1753600,
8844544,15331072,1799168,
8816384,15377664,1745920,
8823296,15411456,1816832,
8853504,15447296,1848320,
8784640,15451904,1882624,
8769024,15424256,2024448,
8726016,15473664,2123008,
8752128,15751168,2217728,
8783360,16082688,2252288,
9172992,16267776,2387456,
8891136,16360192,2467328,
8699648,16383232,2306304,
8792320,16477184,2424576,
8815104,16601344,2470400,
8848640,16688640,2455552,
8881408,16762112,2595328,
8908544,2560,2641408,
8967168,48384,2715904,
8980992,49152,2816768,
8878336,50432,2851328,
8825344,47360,2776064,
8814336,51456,2765824,
8836864,62208,2815232,
8850944,110848,2855424,
8838144,173056,2818816,
8849408,188416,2828032,
8832512,250368,2870784,
8777728,302336,2814464,
8801280,353280,2767104,
8835072,373504,2794496,
8828672,417280,2735104,
8823552,443392,2693632,
8854784,463360,2697728,
8836608,514304,2621440,
9071360,548864,2640640,
8886784,577024,2599680,
8859392,574208,2533632,
8878848,610304,2425088,
8899072,625152,2393088,
8934144,662272,2423296,
8963072,701952,2377728,
8993024,741120,2343680,
9090048,781568,2365696,
9131520,836608,2347264,
9136384,846080,2288384,
9032960,834816,2255616,
9025536,848640,2216192,
9017088,905984,2151936,
9059328,917248,2190336,
9093120,962560,2192640,
9057792,994048,2140160,
9096960,1044736,2116864,
9125376,1047808,2183680,
9116928,1075968,2150912,
9169152,1057792,2217216,
9168896,1014784,2263040,
9146112,1018624,2204416,
9179136,1021952,2223104,
9144832,1037568,2201344,
9602560,1117952,2311168,
9256960,1131776,2249216,
9199104,1152000,2213120,
9184512,1185792,2199040,
9240576,1190144,2267648,
9248256,1242880,2310656,
9302272,1277184,2340352,
9366272,1280768,2451456,
9410560,1369344,2493184,
9418752,1399296,2565376,
9345024,1413376,2609664,
9252864,1437696,2607360,
9248000,1458176,2641920,
9253376,1490432,2672128,
9235712,1513984,2641408,
9256704,1479168,2665472,
9268992,1495040,2683392,
9243904,1492224,2627328,
9280512,1491456,2629632,
9261312,1491712,2622720,
9298432,1488640,2623744,
9287680,1484544,2658048,
9253120,1500416,2638080,
9236224,1517824,2665216,
9548544,1553408,2759424,
9334784,1642496,2722304,
9289728,1525760,2726912,
9298944,1511936,2766080,
9308928,1498368,2703360,
9379584,1484032,2701568,
9390080,1499392,2678272,
9377280,1491968,2677504,
9442304,1483776,2688256,
9456128,1525504,2759168,
9399808,1513216,2745856,
9328896,1489920,2747904,
9275904,1495808,2698752,
9254656,1481472,2681856,
9291008,1455360,2713600,
9287680,1465600,2705152,
9279488,1444096,2724096,
9299200,1434112,2676736,
9283328,1469440,2614272,
9310208,1451520,2649344,
9327104,1449728,2705152,
9277696,1458688,2630400,
9316352,1450752,2685184,
9293568,1476864,2695424,
9307648,1467136,2679808,
9703680,1535744,2840064,
9294848,1494016,2696704,
9291008,1486336,2725120,
9292800,1438208,2769920,
9284096,1462528,2692352,
9327616,1477376,2656000,
9351424,1484800,2698240,
9384704,1522688,2671360,
9416192,1511936,2737152,
9398272,1491712,2729216,
9315328,1495296,2672384,
9298944,1459200,2689024,
9276160,1474560,2701568,
9247488,1500416,2652928,
9298944,1445888,2716416,
9292800,1435648,2727680,
9299968,1453824,2673408,
9311232,1414400,2646528,
9284864,1424128,2608640,
9325824,1437184,2641152,
9301248,1398272,2678016,
9275648,1421312,2626560,
9288448,1409280,2642176,
9335040,1377280,2670592,
9688832,1504512,2759680,
9307392,1431808,2681344,
9305856,1400320,2673664,
9283840,1377792,2662144,
9298432,1342720,2657024,
9306624,1332224,2599936,
9321216,1332480,2553856,
9393408,1323520,2608640,
9417472,1344768,2590720,
9371648,1338368,2578432,
9268736,1298176,2562816,
9230592,1299712,2520320,
9239296,1294080,2526464,
9232384,1289472,2571264,
9200896,1314560,2552064,
9208064,1301504,2567168,
9221120,1304320,2560000,
9184512,1316096,2532352,
9220864,1260544,2552064,
9224960,1285120,2505216,
9208832,1300480,2481920,
9218816,1249792,2507264,
9201664,1273088,2501120,
9181952,1251328,2467584,
9636096,1288192,2647296,
9288960,1332224,2496256,
9259264,1269248,2482944,
9251328,1218560,2521344,
9226752,1234688,2551808,
9251584,1213696,2518016,
9303296,1203712,2468608,
9330688,1224192,2454784,
9415680,1188096,2488064,
9438976,1187584,2467328,
9307648,1161984,2381056,
9283840,1097984,2385920,
9282048,1117696,2354432,
9288704,1123328,2354688,
9309184,1088000,2411264,
9282048,1143808,2376960,
9283328,1100288,2339840,
9305088,1075712,2333440,
9267712,1039872,2305280,
9284352,984832,2323456,
9265920,957696,2313984,
9298176,1019392,2252544,
9271552,1000192,2220800,
9283840,970752,2280960,
9266688,989696,2225920,
9235456,948736,2159104,
9753600,1040128,2360320,
9314816,1056768,2195200,
9298688,1010944,2229504,
9299200,1012992,2285312,
9288704,1066496,2214400,
9290496,1060864,2254848,
9326336,1067776,2301696,
9334528,1101056,2298368,
9394176,1087232,2338560,
9397248,1081088,2322176,
9336320,1073664,2260224,
9294592,1007872,2281728,
9276160,1010176,2184704,
9293312,1019136,2165248,
9308160,1030656,2236160,
9282304,1032448,2231296,
9275392,1034752,2198784,
9282304,997376,2257408,
9267456,1018112,2245120,
9279488,1024256,2235904,
9292288,1005568,2279424,
9282304,1012736,2246144,
9301504,968192,2275584,
9294336,940032,2258176,
9281792,931072,2149376,
9300736,910848,2085376,
9423616,846848,2128896,
9590528,871680,2168320,
9347072,766976,2050304,
9351680,662272,2018560,
9357568,624128,1999616,
9342208,600576,1955328,
9367040,556800,1991168,
9409280,450304,1941504,
9409792,393728,1881344,
9490944,312832,1873920,
9484544,280832,1844736,
9415424,251136,1706496,
9385728,260864,1696768,
9384704,248832,1741312,
9361920,279040,1749248,
9384448,303360,1742336,
9374208,355328,1804544,
9384192,410880,1894144,
9368320,482560,1910016,
9360896,518912,1986560,
9361152,577536,2044160,
9362176,656384,2091264,
9371392,739840,2184960,
9404672,831232,2250496,
9371904,886272,2187776,
9420288,978432,2193920,
9406208,1046784,2280960,
9359872,1076992,2294528,
9823488,1196800,2439936,
9515520,1299968,2461696,
9521664,2641152,2962176,
9528576,2619392,3065600,
9521664,2421248,3051008,
9510144,2287104,2935552,
9522688,2089472,2986496,
9572096,1965824,2937856,
9577216,1777664,2732032,
9604608,1666048,2699008,
9502976,1568512,2661376,
9412352,1443328,2526208,
9459712,1414144,2665984,
9453824,1339136,2605056,
9416704,1250816,2304256,
9451520,1221632,2514432,
9410048,1178880,2318848,
9437696,1091328,2425856,
9440000,1096704,2465792,
9407744,1038592,2375424,
9380864,992768,2268928,
9437952,1021952,2408960,
9329664,942848,2088192,
9380608,908288,2253056,
9400320,916736,2185728,
9363968,866048,2198272,
9855232,903680,2357248,
9396992,902144,2081792,
9366528,865792,2243072,
9337344,823552,2103552,
9376256,829184,2219776,
9397248,843264,2251776,
9347072,770304,1913600,
9408512,780544,2148352,
9471744,802560,2204672,
9475072,723712,1896960,
9419520,676352,2017280,
9355264,661504,2083072,
9306368,683520,1970432,
9300480,660992,1973248,
9316096,667904,2060544,
9324288,704768,2108416,
9320192,760320,2068992,
9314304,787456,2097408,
9328896,822528,2174464,
9324032,785152,2101248,
9322496,764160,2139904,
9352192,813824,2022656,
9308928,767232,2074880,
9299712,704768,2086144,
9266688,728064,1793536,
9256448,725248,2082816,
9639680,693248,2128640,
9295104,732672,1840384,
9296640,688896,2051840,
9248000,672512,1787392,
9276672,668416,1858304,
9332736,720640,2125824,
9322240,683008,2018560,
9298176,662528,1742848,
9408256,713728,2112256,
9429504,714496,2119936,
9307136,674816,1843712,
9313024,648448,2044672,
9260032,663040,2010368,
9240832,598784,1858560,
9272832,585472,1998592,
9292288,592128,1982464,
9239296,577792,1678848,
9311232,581632,1916928,
9317888,628224,1993728,
9281024,611584,1810688,
9300736,559360,1905152,
9311744,587776,1989376,
9302272,615168,1970432,
9285632,585216,1965568,
9230336,563712,1782528,
9298688,606208,2027008,
9360640,538368,1970688,
9669632,606464,1857792,
9363200,570112,2014464,
9321728,555264,1816832,
9332736,523008,1758976,
9370112,556800,1998592,
9342720,556032,1926144,
9375744,539648,1914112,
9422080,561408,2037504,
9413888,615424,1985536,
9440768,589824,2041344,
9365504,560128,1999872,
9350400,587008,1987584,
9331456,535552,2010112,
9334016,506368,1966848,
9316352,532992,1811968,
9345280,550144,1946112,
9330688,545536,1722368,
9362688,549120,1974016,
9342208,568832,1995264,
9290752,523264,1749504,
9335552,541440,1931520,
9376256,574464,2030336,
9288448,508416,1749248,
9358592,460544,1933056,
9354752,479488,1933056,
9317376,456704,1935104,
9743616,489472,2038016,
9436416,499712,1995520,
9352704,491520,1899520,
9343744,455680,1778944,
9320704,477184,1903104,
9317376,493312,1947136,
9296384,472064,1879296,
9358336,483072,1910528,
9401344,534528,1987584,
9401344,535040,1952768,
9352192,477440,1908224,
9300224,494592,1967104,
9260800,493056,1959680,
9243136,436736,1891328,
9250560,448512,1939712,
9242112,476416,1899520,
9228544,428288,1788160,
9244928,433920,1829120,
9226240,449280,1890048,
9208320,416000,1837568,
9194496,417536,1809664,
9264128,479232,1860096,
9197312,442112,1820928,
9184256,422656,1812992,
9190144,460288,1893632,
9152768,449536,1854464,
9622016,489472,1948928,
9265664,472576,1873920,
9196032,476672,1918720,
9214720,441344,1836032,
9158912,433408,1815808,
9212416,473088,1925888,
9229312,463616,1884160,
9258240,414208,1844992,
9355008,425472,2015232,
9338112,390400,1980928,
9263104,333568,1921280,
9212672,338688,1924864,
9178368,398336,1960448,
9176064,375040,1903872,
9159936,400896,1945600,
9217536,444160,1971712,
9201664,423424,1913856,
9219072,387840,1901824,
9230592,431872,1967872,
9224704,440320,1927168,
9221120,412416,1888000,
9262848,444672,1963264,
9236224,434432,2042880,
9216000,378624,1966336,
9239552,433664,2016512,
9286400,444928,2011392,
9707008,542464,2091008,
9245696,430848,2007552,
9222656,450560,2041088,
9241856,429568,1972736,
9240832,410880,1939968,
9256192,467456,2022144,
9274368,469760,1978880,
9304320,402944,1941248,
9355520,416512,2037248,
9363968,489216,2068480,
9221120,448000,1926656,
9178880,446720,1938688,
9183488,464896,2030080,
9149440,457728,1975040,
9163008,436480,1909504,
9199104,468992,2005248,
9206528,509440,1994752,
9182208,494848,1955840,
9180416,548096,1968128,
9206784,604672,1972992,
9202944,614400,1911040,
9207808,626944,1961472,
9201408,685312,1989888,
9178368,673280,1916672,
9330944,642304,1946624,
9556224,758272,2123520,
9220864,659456,1954560,
9213952,608768,1899264,
9226240,640512,1964032,
9221120,626432,1962496,
9229568,603136,1902336,
9288704,608000,1975808,
9334016,643840,2032896,
9373440,639232,1992960,
9347072,634880,1992448,
9293312,644864,2002944,
9221632,575488,1927168,
9226496,539392,1917952,
9229824,555008,2012160,
9231360,545536,1910272,
9211136,533760,1889280,
9243136,551168,1961728,
9264640,585984,2004736,
9214976,535296,1885696,
9280000,532480,1972736,
9275904,573696,2043392,
9246464,534016,1982464,
9253376,536320,1961216,
9267456,560384,2050304,
9564416,530432,2071296,
9376512,582912,2062336,
9326848,522496,2011392,
9352960,548352,2005760,
9357312,506880,1932032,
9345280,486144,1933568,
9392640,485120,1982720,
9399808,450816,1899008,
9449984,442624,1919232,
9466368,395264,1986560,
9405184,213248,1850880,
9307904,33792,1845248,
9293824,768,1901312,
9294592,91648,1967616,
9335552,198656,1951744,
9358592,265984,1911040,
9345280,340992,1979392,
9331968,414976,1971200,
9334016,406272,1896448,
9320960,424960,1949440,
9334784,484352,2014976,
9330176,469504,1943808,
9307904,446208,1921536,
9312256,455936,2023680,
9293568,444160,2013184,
9425152,421376,2056192,
9572096,522240,2161664,
9336576,450560,2084352,
9319936,395264,2072576,
9351936,444160,2101760,
9374208,449792,2102784,
9371648,419584,2005504,
9395200,457984,2024960,
9471232,535296,2071552,
9459200,498176,2002688,
9463296,505088,2001664,
9390848,509184,2032640,
9338112,492800,1966080,
9351680,463360,1892352,
9371136,454144,1959424,
9376768,448256,1984000,
9395968,434432,1899776,
9415680,489984,1946624,
9410304,560896,1954816,
9375744,555008,1894912,
9413888,593152,1923072,
9394176,611584,1961984,
9356288,582656,1949184,
9327104,567040,1959936,
9308928,590336,2032384,
9744896,679680,2114048,
9386752,643584,1958656,
9341184,595200,2027776,
9332736,612608,2040576,
9314304,609280,1924864,
9315584,618496,1880576,
9355520,684032,1947648,
9349632,664064,1915648,
9419776,654080,1892096,
9444352,699392,1984256,
9366272,696064,1969920,
9265664,630528,1860608,
9256960,677376,1954304,
9236224,673536,1938176,
9242368,649216,1888768,
9243392,638464,1940224,
9256704,668160,1956608,
9226752,632320,1839872,
9234688,627200,1840128,
9304320,709120,1900032,
9273600,695040,1836544,
9231872,618240,1794560,
9229312,581120,1897984,
9219840,578560,1871872,
9445632,546304,1920512,
9254912,623360,1905408,
9183232,605440,1935616,
9157376,586240,1876992,
9153792,616192,1927936,
9180416,644864,1979904,
9173248,655104,1905664,
9205760,624640,1900288,
9232128,723456,1963520,
9263104,707840,1907200,
9212928,700672,1876736,
9145856,684544,1867264,
9142528,712448,1839104,
9128448,671488,1778432,
9129472,693760,1827072,
9155328,731136,1912320,
9118720,728576,1833472,
9121792,684288,1855488,
9157888,761344,1941760,
9152000,748544,1895680,
9132544,711936,1862656,
9148928,743936,1910016,
9110272,749568,1904128,
9093120,696064,1825536,
9580032,809984,2018048,
9145088,815104,1904128,
9105408,765696,1825536,
9105664,741120,1836544,
9134080,804864,1917184,
9125120,743168,1887744,
9139712,727552,1871104,
9180416,798976,1943808,
9209600,812800,1957632,
9180160,783104,1907456,
9135104,789248,1930752,
9088768,792320,1905664,
9044736,765184,1829888,
9054720,769792,1856512,
9073408,803840,1923840,
9049344,786432,1835520,
9052160,788480,1837312,
9054208,806912,1857792,
9042944,841472,1855488,
9043968,804608,1788672,
9034496,815872,1858560,
9023488,817408,1863424,
8982016,767232,1765376,
9277440,771328,1876480,
9062144,868352,1900544,
8999168,766464,1782784,
8991744,781312,1793792,
8985088,811264,1849856,
8999680,788736,1798912,
8996864,774144,1769216,
9045760,824576,1849856,
9076736,823040,1839360,
9096960,834048,1780736,
9092608,832768,1803520,
9017600,827136,1776384,
8983040,795648,1735680,
9022208,804608,1783552,
9022464,824064,1811712,
9036032,813056,1792256,
9068800,799744,1759488,
9071872,819200,1830912,
9083648,816640,1800704,
9099008,770816,1753344,
9092864,790016,1801216,
9095168,792576,1801216,
9112832,765184,1749504,
9246976,749056,1822976,
9429248,855040,1933312,
9193984,831488,1836288,
9193216,800768,1858048,
9231360,855296,1946368,
9241856,841984,1895936,
9254912,819456,1872128,
9321216,848640,2023936,
9352192,862976,2039808,
9383424,841216,1974528,
9408000,864256,2011136,
9348352,847104,1947136,
9317376,772096,1867008,
9328128,790272,1876480,
9361152,838144,1926144,
9344768,823296,1796096,
9338624,795392,1765376,
9356288,835328,1891584,
9351424,858112,1906688,
9354752,854784,1888256,
9337088,940288,1947136,
9359104,963584,2046464,
9350912,896000,1834752,
9415424,818432,1975296,
9772288,767488,1986816,
9437440,715008,1816832,
9421568,721408,1784320,
9421312,776704,1868032,
9420288,778752,1846528,
9419008,755456,1786880,
9449216,782592,1874432,
9486592,807424,1908480,
9511936,805120,1872640,
9547008,811008,1913344,
9478400,815104,1967872,
9442816,782592,1872640,
9438720,783104,1876992,
9464320,806400,1947648,
9477888,823552,1927424,
9494016,823552,1911296,
9508864,831488,1957888,
9505792,845312,1952512,
9502464,823296,1911040,
9511936,829184,1956864,
9512448,860928,1996544,
9512448,841472,1929984,
9810432,855296,2056448,
9591040,892160,2063360,
9581824,865280,2020352,
9607424,818432,1980416,
9593600,816384,2011648,
9580288,815616,2013440,
9595392,787712,1957376,
9658880,817664,2037760,
9704960,836608,2042112,
9717504,847104,2019840,
9706240,861440,2052096,
9652992,845312,2060032,
9615616,810496,2003456,
9637888,810752,2012416,
9660928,837120,2061824,
9658368,823040,2028032,
9659648,804096,1988608,
9704192,831744,2059008,
9706752,828672,2031616,
9657600,806656,1975808,
9675008,838144,2029568,
9686528,861696,2039040,
9816320,827904,2038016,
9791488,852736,2030592,
9702144,868352,2080256,
9679104,748288,2064384,
9686784,741632,2054144,
9706240,724736,2114816,
9697792,715776,2089984,
9695488,713216,2047232,
9746432,755456,2098944,
9758464,801024,2099968,
9704960,787968,2041344,
9655808,764672,2033408,
9609984,774400,2020864,
9597184,769792,1984000,
9626368,758272,1978112,
9647104,762624,2045696,
9616896,753408,1995008,
9634304,738304,1972992,
9641728,776448,2036224,
9630720,787712,2038784,
9604352,754432,1974528,
9621760,764928,2020864,
9727488,773888,2075904,
9873920,796928,2067456,
9650432,783360,2004736,
9649152,782336,2065920,
9641984,801024,2012160,
9654272,790784,1987328,
9660416,814848,2057472,
9693696,819200,2044160,
9708032,815616,2014720,
9774592,848640,2085632,
9750016,843008,2082560,
9637376,815872,2010624,
9616640,781568,2006016,
9623040,821504,2073600,
9589504,795904,1988608,
9620224,800000,1991424,
9623040,832256,2073088,
9585408,818688,2025984,
9595648,819968,1997056,
9601792,829952,2055168,
9587200,829696,2039296,
9576448,812544,1980416,
9572352,783872,2007040,
10113792,908800,2213888,
9618944,829952,1999872,
9623040,825856,2024192,
9606912,832000,2040832,
9594880,801280,1999104,
9616896,799232,1984000,
9644544,818944,2032640,
9685760,810240,2023680,
9739264,805632,2010880,
9754880,818944,2071808,
9660416,807936,2031616,
9618944,766976,1974784,
9653504,789504,2041344,
9637376,789248,2044672,
9626624,773632,2004480,
9658624,772352,2009600,
9695488,787200,2066944,
9709056,793088,2022144,
9693952,754432,2008064,
9702656,790016,2062080,
9699840,785152,2025728,
9663744,733952,1964544,
10214912,834560,2193408,
9782784,837120,2079488,
9747968,768768,2006016,
9761536,764160,2056448,
9781248,807936,2081792,
9767936,797952,2032896,
9794816,785920,2074880,
9860864,824576,2107904,
9903360,824832,2105856,
9894912,814592,2092032,
9822976,833024,2115584,
9748480,814592,2065408,
9762048,795648,2020352,
9789184,820736,2077184,
9786880,839168,2113024,
9770752,828928,2036480,
9771776,833280,2080512,
9794816,847616,2103552,
9792512,810496,2041856,
9810176,791296,2047232,
9822720,802304,2082816,
9790208,801280,2028288,
9800192,766976,1985792,
9809664,799744,2076160,
9936640,792832,2119680,
10025472,815872,2090752,
9842688,789248,2089984,
9805056,812288,2079232,
9800192,777984,1996032,
9832704,776704,2033664,
9826560,799488,2089216,
9833472,775936,2001664,
9896448,771584,2046464,
9960704,807424,2129664,
9902592,807936,2077952,
9826816,748288,2007552,
9830656,760064,2043648,
9789184,755456,2035200,
9796096,744704,1991936,
9809664,745216,2020864,
9792256,772864,2038784,
9783808,737024,1976064,
9797632,718592,1991168,
9799424,749568,2034944,
9763328,732160,1968640,
9764864,701952,1956096,
9766144,732928,1990400,
9743616,729600,1979648,
9751296,718080,1927168,
9753856,739840,2001664,
9738752,762624,2020864,
9701632,738560,1905152,
9736704,757504,1969408,
9733632,768000,1996032,
9730816,758528,1969664,
9696256,721664,1936384,
9718784,748288,1995008,
9702656,747776,1955328,
9730048,702976,1910528,
10187008,815360,2104320,
9711104,752640,1966080,
9686272,730624,1867776,
9698048,748288,1964544,
9705216,773120,1958400,
9687040,769280,1916928,
9717248,768768,1928704,
9764352,799744,1991936,
9786368,796928,1924352,
9804032,793856,1957888,
9752576,801536,1959936,
9667840,777472,1900800,
9658880,761088,1860608,
9668864,766464,1911552,
9654272,788224,1893632,
9629184,750592,1823744,
9643264,729856,1845504,
9632256,733696,1855232,
9597696,676864,1748224,
9622784,664320,1742848,
9624576,691200,1817600,
9607680,662528,1727744,
9602816,631040,1695488,
9639168,668416,1753856,
9611520,650496,1747968,
9623552,638720,1713152,
9620224,650240,1758464,
9602304,656128,1786112,
9573376,647680,1697792,
9623552,656896,1750272,
9600512,688128,1800448,
9567488,667648,1741568,
9581312,674048,1734144,
9559552,690688,1786112,
10031872,784384,1918976,
9608704,746752,1765888,
9576960,754944,1833728,
9567744,778496,1812480,
9556736,755712,1735424,
9566720,767488,1836032,
9589248,793344,1866240,
9594368,775168,1795840,
9646592,794368,1825280,
9673984,828416,1895936,
9593856,788224,1808640,
9508864,751104,1776640,
9521920,783616,1840384,
9476864,753152,1784576,
9459712,719872,1730816,
9494272,734976,1795328,
9461760,743168,1796864,
9484544,718336,1735936,
9483776,735744,1750016,
9472512,730112,1796608,
9450752,726016,1722880,
9461504,717056,1742848,
9465088,747520,1807872,
9463296,738304,1771776,
9453824,697088,1718272,
9489920,716800,1804544,
9473024,731392,1777152,
9491712,702208,1744896,
9501696,705024,1776128,
9496576,733952,1813760,
9479680,686848,1740544,
9703424,682240,1809408,
9621504,748800,1864704,
9537280,711936,1766400,
9550080,684288,1752576,
9546752,699904,1825792,
9550848,715520,1786880,
9567744,690176,1757440,
9595136,691456,1789184,
9633792,720128,1827328,
9693440,708096,1784576,
9704448,744448,1828608,
9621760,761088,1856256,
9554432,728576,1752320,
9562624,724224,1732352,
9594880,728576,1803264,
9592320,716800,1774592,
9577984,695808,1709056,
9601280,708352,1775360,
9594368,723456,1789952,
9592064,673280,1697792,
9610496,675584,1754880,
9611008,690944,1753856,
9601280,672000,1698560,
9621248,657152,1730304,
9632768,681984,1767936,
9633536,672000,1730048,
9641984,657920,1700864,
9638912,666880,1771776,
9652992,699904,1779200,
9645056,670464,1724928,
9648384,689408,1780480,
9659648,711424,1797120,
9593344,656128,1712128,
10124032,748032,1918720,
9713664,776448,1892352,
9670912,720128,1768960,
9676544,718592,1792512,
9687552,747008,1824512,
9688064,737024,1777664,
9720576,714752,1750784,
9750016,747776,1841920,
9775104,740096,1804032,
9829376,727808,1768448,
9791488,716032,1803264,
9708032,722944,1783808,
9688320,693760,1692928,
9682688,675840,1722880,
9679104,695808,1771264,
9685504,683520,1693184,
9702912,659968,1641728,
9698560,702464,1724672,
9694464,693504,1680384,
9690112,668672,1633536,
9716224,687616,1677824,
9692928,717312,1704704,
9704960,699904,1637888,
9724160,713472,1709056,
9710336,762624,1725696,
9681152,772352,1667840,
9712384,888832,1884928,
9717760,891904,1894656,
9711872,886784,1767168,
9712384,850432,1826560,
9731328,884992,1930752,
9730560,901376,1885440,
9805312,833280,1846016,
10164736,932352,1991168,
9765632,885504,1818880,
9754624,832768,1828352,
9767680,849664,1797888,
9775360,883200,1872128,
9804032,855552,1828864,
9798144,863488,1811712,
9871872,912384,1930496,
9892096,903936,1838592,
9913856,903424,1878784,
9866240,893440,1912320,
9814016,856320,1803008,
9785600,848384,1781760,
9814272,868608,1853696,
9799424,920320,1844736,
9789184,880640,1753856,
9796352,884480,1814016,
9809664,914944,1864704,
9799680,891648,1811200,
9787136,890880,1816832,
9789696,932864,1839360,
9761536,942080,1809664,
9764864,996352,1904128,
9775104,1014272,1951744,
9772288,1060608,1922560,
9772032,1029376,1954304,
9746432,1087744,1709824,
9804032,1079040,1971712,
9724160,1046528,1608704,
9751040,1057024,1979392,
9736192,997376,1801984,
9816064,955392,1770752,
10086912,1032960,1986560,
9708544,983808,1578752,
9743872,952576,1824768,
9729024,971776,1811200,
9733888,958208,1728000,
9744384,948224,1787136,
9804800,963840,1868544,
9796864,1005824,1673984,
9871872,947968,1820672,
9841920,971776,1858304,
9778944,992000,1863936,
9707008,930048,1744128,
9692160,933888,1725440,
9717248,981760,1863680,
9681408,964352,1548544,
9710080,978944,1800192,
9682944,1027840,1815296,
9660416,985088,1817088,
9624576,975104,1650688,
9629696,1010944,1856768,
9589248,993536,1641472,
9604864,982016,1763584,
9563136,1006080,1722880,
9581568,1017856,1810176,
9552128,1006080,1594880,
9550848,1027584,1852928,
9513216,1020672,1626880,
9513216,974592,1744640,
9951232,1063936,1836544,
9561088,1023744,1767168,
9499392,972288,1756928,
9521920,1011200,1762304,
9478144,1003008,1508096,
9505024,984832,1731840,
9513472,1021952,1708288,
9506560,987136,1757184,
9621248,1015808,1673472,
9657600,1047040,1832704,
9522432,1038336,1560832,
9517568,999936,1747456,
9473536,1018112,1654528,
9478144,992768,1703680,
9488128,1002496,1635328,
9494784,1047296,1764096,
9487360,1026816,1594624,
9524224,1024768,1785600,
9501184,1042432,1693696,
9514496,1022464,1737472,
9506048,1054720,1513216,
9530112,1063168,1738496,
9509632,1022208,1519872,
9560320,1041920,1813760,
9511936,1042944,1659648,
9558272,1020672,1654528,
9511680,1065216,1630720,
9925376,1046528,1871616,
9618944,1058560,1820416,
9583104,1062144,1812992,
9550848,1058560,1514496,
9591296,1064960,1768704,
9552384,1074688,1598976,
9596928,1015040,1751296,
9647104,1057536,1738240,
9717248,1094144,1823488,
9729536,1069056,1712128,
9690112,1038336,1790464,
9604864,1000448,1722112,
9583616,978944,1654784,
9575680,1022208,1740800,
9544704,1007872,1709824,
9564160,994304,1671424,
9578240,1031936,1781760,
9536256,1086464,1790464,
9549824,1086464,1797632,
9548544,1078528,1789696,
9544448,991232,1668608,
9556224,1003264,1667072,
9562880,1044480,1752576,
9523968,1000704,1679616,
9542144,1003008,1729792,
9497088,1015040,1709824,
9910528,1044224,1767424,
9590016,1045760,1746432,
9540608,1018880,1743616,
9540096,981504,1636608,
9571840,1025792,1701120,
9545984,1036800,1715456,
9549824,996352,1670400,
9612800,998912,1756416,
9676800,1050880,1764608,
9689088,1047296,1687552,
9620992,1018880,1722112,
9567232,999168,1718272,
9572352,964608,1659904,
9598976,983040,1675008,
9650176,1045248,1710848,
9617408,998144,1636352,
9662208,971008,1615104,
9681920,984320,1644800,
9682176,917248,1564928,
9696256,918784,1591040,
9729024,963584,1605888,
9735168,927744,1550080,
9737728,915968,1611520,
9800704,990464,1693184,
9752064,1029888,1653248,
9743616,987648,1643776,
9737472,1003776,1754880,
9752320,1043968,1789184,
10105856,1094656,1778432,
9766656,1068288,1725696,
9740544,1050368,1735680,
9760512,1029376,1617664,
9779712,1030400,1837568,
9748224,1011968,1615616,
9809408,1011456,1734656,
9832192,1032192,1655040,
9871104,1011968,1763328,
9856512,1046272,1818368,
9788672,1040128,1788416,
9746176,1019648,1597184,
9764096,1027328,1787904,
9775872,1026560,1733888,
9786880,935168,1688320,
9795840,971264,1787392,
9774848,1001984,1685248,
9808128,961536,1552128,
9806848,971520,1685760,
9810944,964608,1719296,
9773824,1017856,1762560,
9791744,999424,1805312,
9818112,1029376,1829120,
9795328,960768,1750272,
9826304,928000,1808128,
9809408,944384,1872128,
9805568,928256,1798656,
10287616,1059584,1948672,
9871360,1091584,1846528,
9835264,1025280,1807360,
9806592,1042944,1882880,
9810688,1045504,1890048,
9851392,1042688,1818112,
9862912,1101824,1911040,
9920768,1119488,1896448,
9962496,1086720,1938432,
9954816,1111040,2067200,
9815040,1087232,1924096,
9778176,1096448,1870336,
9795328,1164032,1891840,
9761792,1092352,1837824,
9763840,1082624,1903616,
9767424,1126400,1906176,
9726976,1113088,1827840,
9739008,1138176,1899520,
9727232,1147904,1912832,
9711104,1065728,1860608,
9718528,1034496,1911552,
9711872,1016320,1834752,
9715456,1043456,1756928,
9701376,1102848,1771776,
9656576,1059840,1755904,
9698816,991744,1789440,
10108160,1120512,1959680,
9650944,1050112,1636352,
9684224,980992,1775616,
9663488,1031936,1736192,
9688320,977664,1757184,
9697536,963840,1660928,
9743616,994816,1835776,
9763584,999936,1723904,
9799168,1052416,1596672,
9818880,1044992,1834240,
9679872,973568,1663744,
9614080,933120,1714688,
9611264,951808,1596672,
9619456,973312,1671680,
9632512,950784,1623552,
9600256,960768,1497600,
9618944,944384,1732864,
9602048,914688,1572352,
9620736,951552,1710848,
9610496,990720,1688832,
9583360,972544,1476608,
9632768,951552,1644288,
9667584,943360,1679360,
9629696,900352,1611008,
9609728,897024,1557248,
9638656,907008,1644544,
9634304,897536,1615104,
10159872,1010176,1779200,
9666304,961792,1769216,
9641984,960768,1777408,
