10801408,2895104,16047360,,
10816512,2921728,16087040,,
10835968,2953472,16108032,,
10748160,2868736,16033024,,
10682368,2857728,16011264,,
10683904,2844928,16003328,,
10687488,2865408,16022272,,
10686720,2854144,16017664,,
10715136,2853632,16012288,,
10688512,2885376,16012800,,
10698240,2877952,15997184,,
10678528,2882560,15977216,,
10672128,2860288,16001536,,
10696192,2874112,16007936,,
10657024,2859008,15990784,,
11170048,3180800,16126720,,
10733312,2936832,15989760,,
10714624,2899200,15988736,,
10718720,2886400,15951616,,
10755584,2939392,15815936,,
10758144,2944768,15880192,,
10819584,2969344,15993088,,
10822912,2992640,15993600,,
10828032,2981888,16009216,,
10698240,2927360,15962112,,
10631424,2898176,15910656,,
10670080,2905088,15909376,,
10673920,2905088,15934464,,
10646784,2892800,15949312,,
10707968,2924032,15923712,,
10673920,2915072,15944192,,
10661376,2913024,15899648,,
10702592,2948096,15760896,,
10703360,2936576,15912448,,
10675456,2925824,15936000,,
10685952,2908160,15928320,,
10941952,3069184,16051200,,
10776064,2990848,15916800,,
10688000,2908416,15831040,,
10710016,2959104,15828480,,
10713088,2942976,15946240,,
10725632,2940672,15929088,,
10750464,2955264,15875328,,
10763520,3004160,15810816,,
10831872,3025152,15918080,,
10776576,3001344,15947776,,
10693888,2945536,15921664,,
10695936,2927104,15905024,,
10681856,2943744,15909120,,
10728704,2937600,15876352,,
10704640,2954496,15889408,,
10717696,2939136,15908096,,
10689792,2939392,15892992,,
10684160,2918144,15904768,,
10698240,2974208,15899392,,
10683648,2937344,15918336,,
10644480,2921472,15878912,,
10662400,2933504,15877120,,
10615296,2910208,15892224,,
11016704,3178240,16027392,,
10620160,2928128,15884288,,
10613248,2949376,15874560,,
10633728,2945280,15892480,,
10630144,2948608,15875584,,
10642432,2974976,15867392,,
10709504,2996992,15897856,,
10719744,3013888,15896064,,
10723328,3008768,15902208,,
10586112,2944000,15870720,,
10551040,2916096,15860480,,
10529280,2907392,15842048,,
10556928,2921728,15872512,,
10546688,2919680,15858432,,
10549504,2921728,15853824,,
10551808,2910720,15845376,,
10543104,2892800,15846912,,
10527232,2913280,15833856,,
10524672,2901504,15839232,,
10503680,2894848,15816704,,
10507008,2895104,15820800,,
10500096,2891776,15830528,,
10795776,3061504,15915520,,
10550528,2933248,15842304,,
10533120,2923520,15837440,,
10515456,2911744,15825152,,
10513152,2916096,15824384,,
10574848,2943232,15820032,,
10586112,2972672,15841792,,
10649600,3012608,15845632,,
10658304,3028736,15841536,,
10582528,2969088,15826944,,
10510336,2947072,15803136,,
10490112,2931712,15809536,,
10461440,2930688,15772672,,
10479872,2946048,15793920,,
10478336,2954752,15782400,,
10501376,2988800,15793152,,
10509056,2981632,15743232,,
10534144,3003648,15775232,,
10514432,2981888,15711744,,
10524160,3001344,15673088,,
10520832,3020544,15664640,,
10514176,3023360,15782144,,
10509056,3033344,15776000,,
10535168,3049728,15814400,,
10896128,3234048,15874048,,
10553856,3074560,15680000,,
10542080,3078912,15786752,,
10570240,3088896,15774464,,
10593280,3104256,15794176,,
10627328,3138816,15793152,,
10652928,3166720,15578112,,
10733824,3191552,15720448,,
10742528,3214592,15831296,,
10616576,3164672,15774720,,
10597632,3129600,15685376,,
10548992,3119360,15589376,,
10550272,3143680,15749632,,
10585088,3159552,15791872,,
10601984,3149824,15791104,,
10580992,3158784,15771904,,
10594304,3186432,15673600,,
10603264,3167232,15745024,,
10625792,3186176,15801600,,
10626304,3185920,15802112,,
10639872,3227392,15803904,,
10638592,3240448,15713792,,
10649856,3250688,15601920,,
10668288,3251200,15821056,,
10679808,3267328,15815936,,
11053312,3485440,15932160,,
10731264,3305728,15792384,,
10672640,3288576,15611648,,
10722560,3298048,15797504,,
10758144,3301120,15810048,,
10790400,3343360,15836672,,
10809600,3365632,15678976,,
10902272,3438848,15700224,,
10906624,3434240,15844864,,
10770176,3362560,15814656,,
10760448,3353856,15803904,,
10748416,3357696,15784960,,
10761472,3380480,15720192,,
10830592,3394560,15765760,,
10844160,3391232,15793920,,
10807296,3380736,15806976,,
10836736,3410688,15735808,,
10821120,3424000,15587072,,
10829568,3421184,15662080,,
10865920,3441152,15806208,,
10884096,3467008,15776000,,
10852608,3442688,15774976,,
10876160,3457792,15777280,,
10889472,3452416,15794944,,
10851584,3430400,15776512,,
11389440,3762688,15909632,,
10974464,3533824,15763456,,
11001600,3506688,15779072,,
10992896,3498240,15761152,,
11017984,3509504,15772928,,
11065344,3533056,15746816,,
11103744,3555328,15757056,,
11183872,3596288,15775232,,
11194880,3611648,15752960,,
11127808,3545856,15744256,,
11042560,3517184,15720448,,
11083264,3547904,15726336,,
11070208,3560192,15703552,,
11055360,3537152,15713024,,
11067648,3536384,15712256,,
11062784,3544832,15717376,,
11078400,3561472,15696128,,
11070976,3576064,15692800,,
11088640,3586048,15713536,,
11072000,3556864,15716608,,
11087872,3597056,15671296,,
11096064,3590912,15729408,,
11044352,3577600,15730944,,
11060480,3597568,15694848,,
11041792,3605248,15663360,,
11430656,3820032,15855360,,
11181568,3679488,15723008,,
11094272,3647232,15681536,,
11122432,3661056,15681792,,
11109376,3663360,15716864,,
11167744,3689984,15704064,,
11172864,3688192,15723008,,
11212288,3740928,15713024,,
11300096,3781888,15734784,,
11197952,3731200,15702272,,
11111424,3672064,15676928,,
11074816,3661824,15625984,,
11073024,3651328,15652352,,
11084032,3650048,15641088,,
11106048,3672832,15639552,,
11142144,3688192,15631616,,
11129856,3693312,15624960,,
11135744,3717888,15642624,,
11204864,3727872,15646976,,
11225344,3746816,15623424,,
11246336,3740928,15631104,,
11215360,3768832,15632640,,
11246592,3739136,15609344,,
11199744,3724032,15628544,,
11686400,3998720,15791872,,
11293952,3774976,15604224,,
11267072,3754496,15581440,,
11295744,3763968,15591680,,
11317504,3776768,15600128,,
11278848,3763712,15602432,,
11337728,3810304,15576832,,
11455232,3858688,15633408,,
11486464,3869696,15631872,,
11398144,3781632,15575040,,
11358208,3763200,15537152,,
11347712,3768832,15546880,,
11340288,3776768,15553792,,
11362560,3759104,15555584,,
11356160,3776000,15518464,,
11345664,3787264,15552256,,
11314176,3773184,15533824,,
11336704,3788032,15517696,,
11312384,3778816,15531008,,
11328512,3815168,15544832,,
11313664,3811840,15561728,,
11305728,3780608,15545856,,
11300608,3805696,15574272,,
11266304,3773696,15582208,,
11845120,4115456,15756288,,
11330816,3850496,15572224,,
11277824,3838208,15613696,,
11332352,3849472,15606784,,
11347968,3851008,15637760,,
11403520,3874304,15649536,,
11426816,3917056,15661568,,
11474688,3937024,15690240,,
11513344,3953408,15670016,,
11376128,3869440,15634944,,
11350528,3853312,15628800,,
11344384,3827456,15609600,,
11378944,3851264,15614720,,
11401472,3866880,15587584,,
11417600,3873792,15592448,,
11414016,3893248,15596032,,
11446784,3889664,15577856,,
11440128,3891968,15591168,,
11454208,3890688,15573248,,
11466496,3896064,15584256,,
11532032,3920640,15573248,,
11486720,3890944,15552768,,
11487488,3901440,15565824,,
11479040,3892992,15565824,,
11680256,4010752,15646976,,
11634176,4001024,15552256,,
11558400,3906816,15559424,,
11579136,3912960,15550720,,
11608320,3942656,15540480,,
11613184,3935744,15530496,,
11674880,3969280,15540736,,
11761920,4012288,15541248,,
11796224,4033024,15557376,,
11790336,4013824,15546112,,
11653120,3958528,15526400,,
11635456,3949824,15501312,,
11626496,3934976,15519744,,
11622656,3937536,15499264,,
11660032,3970048,15513344,,
11663360,3976960,15510016,,
11693056,4000256,15501056,,
11692032,4004096,15508992,,
11703808,3996160,15525888,,
11728896,4016128,15527936,,
11723008,3998976,15512576,,
11736832,4029440,15515904,,
11724032,4032000,15501568,,
11766784,4038656,15515392,,
11778816,4045824,15488512,,
12020224,4179456,15599360,,
11822336,4119808,15521536,,
11791104,4072704,15527168,,
11781376,4062976,15523072,,
11794432,4057344,15520512,,
11809280,4075520,15526656,,
11883264,4112896,15521792,,
11886080,4147200,15532032,,
11949568,4182016,15558400,,
11886592,4157696,15545856,,
11762432,4083968,15511552,,
11764736,4074496,15497984,,
11776512,4085248,15500288,,
11778304,4089344,15506688,,
11782400,4095744,15511808,,
11805952,4097536,15498240,,
11749888,4080384,15509504,,
11763968,4068352,15507456,,
11755520,4091136,15514368,,
11752704,4104704,15477760,,
11806208,4122624,15500800,,
11806208,4112896,15493888,,
11786240,4100608,15474432,,
11795968,4097280,15459584,,
11763968,4088064,15475968,,
11842816,4129792,15539456,,
11840000,4124160,15493632,,
11790592,4120064,15436544,,
11792384,4110848,15439872,,
11837696,4127232,15455744,,
11849984,4161792,15439360,,
11865600,4168704,15437056,,
11936768,4219648,15452160,,
12029440,4258816,15491584,,
12004864,4239616,15443200,,
11857920,4173312,15409920,,
11835904,4170752,15399680,,
11818752,4146944,15399168,,
11798784,4166400,15389696,,
11819264,4158208,15400192,,
11833344,4164608,15407360,,
11835392,4186624,15392000,,
11762944,4146944,15360768,,
11795456,4180480,15381760,,
11808256,4197376,15387904,,
11811328,4189696,15392256,,
11866368,4252416,15373056,,
11798784,4219904,15391232,,
11818240,4200448,15383296,,
11815680,4217856,15379200,,
11932672,4302336,15451904,,
11880448,4304640,15386368,,
11846656,4234752,15384064,,
11825152,4237824,15388416,,
11799808,4257024,15377664,,
11782400,4249344,15374080,,
11841792,4262400,15391232,,
11897088,4331776,15418112,,
11917568,4341248,15413760,,
11921664,4336128,15420672,,
11790848,4273408,15389952,,
11766528,4266752,15339776,,
11736832,4252416,15374080,,
11765248,4246528,15360768,,
11736576,4256256,15365376,,
11787264,4264192,15368448,,
11747328,4265984,15369728,,
11729408,4257024,15361024,,
11751168,4252928,15345152,,
11744256,4269056,15356160,,
11734272,4277504,15362304,,
11709184,4274688,15359744,,
11707392,4257536,15369984,,
11678208,4259584,15350784,,
11689216,4251392,15363328,,
11720960,4253184,15387648,,
12030976,4452864,15460352,,
11734784,4295936,15361280,,
11730944,4266496,15341312,,
11736576,4301312,15357696,,
11719936,4271616,15350016,,
11760384,4314368,15319040,,
11812608,4338944,15383296,,
11908352,4410112,15386880,,
11869440,4393984,15376640,,
11755520,4333824,15302912,,
11712768,4290560,15212288,,
11709952,4285184,15228160,,
11665152,4284672,15151104,,
11671296,4278784,15187712,,
11736064,4292352,15292416,,
11765760,4304896,15289344,,
11725824,4283392,15307520,,
11727360,4297472,15159552,,
11732992,4294400,15149824,,
11749376,4303872,15256320,,
11782144,4334336,15272704,,
11766784,4334336,15274240,,
11708672,4300032,15197696,,
11743744,4320000,15218944,,
11764480,4315392,15270656,,
12215808,4580864,15426560,,
11814400,4382720,15247104,,
11806720,4359168,15106048,,
11800832,4343808,15288832,,
11804416,4343808,15283712,,
11802880,4365312,15230464,,
11830272,4390400,15150592,,
11936256,4421376,15254016,,
11956992,4427520,15334912,,
11830528,4360704,15280896,,
11786496,4313856,15291648,,
11768320,4327936,15245824,,
11739904,4305408,15149056,,
11751936,4307712,15278080,,
11762944,4339456,15282944,,
11731968,4319744,15282432,,
11747584,4344576,15268352,,
11709440,4348416,15109888,,
11699456,4358656,15150336,,
11736320,4365824,15274496,,
11760896,4383232,15317760,,
11737088,4384256,15271936,,
11698688,4389632,15113728,,
11708416,4396288,15179520,,
11989504,4506624,15403008,,
11804672,4454400,15300352,,
11731456,4397824,15291136,,
11713280,4409856,15077888,,
11733504,4410624,15240960,,
11769344,4436224,15298816,,
11788288,4443136,15299840,,
11851520,4507648,15297792,,
11926528,4549120,15208448,,
11880192,4520704,15257344,,
11794176,4452608,15271424,,
11737856,4432640,15265792,,
11725056,4416256,15172352,,
11726336,4434688,15113984,,
11739136,4443904,15227136,,
11739136,4449024,15261440,,
11718400,4448768,15246848,,
11735808,4457984,15078144,,
11729664,4436736,15058688,,
11738368,4450816,15186944,,
11801856,4495104,15259648,,
11790592,4496384,15240704,,
11786496,4494848,15257088,,
11761664,4501504,15272960,,
11769344,4494080,15286016,,
12011520,4672000,15220992,,
11781120,4553728,15226368,,
11792384,4566272,15275264,,
11773184,4547072,15287808,,
11815168,4591360,15306496,,
11840512,4598016,15292416,,
11866112,4653824,15212800,,
11979776,4692480,15334656,,
11964672,4710400,15341568,,
11834112,4650496,15328512,,
11798784,4606976,15306752,,
11815936,4613120,1.52973E+15,4763136,15348992
11878912,4748288,15337216,,
11851264,4761088,1.53216E+14,15402240,
12020736,4833280,15350272,,
11895808,4763136,15348992,,
11878912,4748288,15337216,,
11851264,4761088,15321600,,
11961856,4750592,15261440,,
11922944,4810240,15337472,,
12078592,4841728,15344384,,
11995648,4827136,15365120,,
11928064,4829440,15358208,,
11910656,4812800,15360256,,
11924992,4814080,15327744,,
11936256,4824320,15316224,,
11903232,4836096,15317760,,
11989760,4869888,15321856,,
11932160,4817408,15304448,,
11938560,4829440,15309312,,
11943424,4838144,15284736,,
12011776,4863744,15335680,,
12177920,4975104,15369472,,
11974400,4865792,15295744,,
11935488,4840448,15289600,,
12017664,4871168,15305472,,
12007936,4862976,15286016,,
12016384,4871680,15301376,,
12098048,4914176,15318784,,
12160000,4961024,15340800,,
12150016,4953344,15309312,,
12035840,4889344,15283456,,
11983616,4832256,15274752,,
12003072,4860160,15275008,,
12003584,4846848,15238400,,
12004352,4872192,15244800,,
11998208,4866816,15256576,,
12028160,4887552,15265536,,
11989248,4868608,15244800,,
12014848,4883456,15253248,,
12015872,4889600,15253504,,
12028160,4874240,15265536,,
12032512,4879104,15231488,,
12016640,4885760,15252992,,
12006400,4893184,15244544,,
11985920,4875008,15236352,,
11983360,4898560,15232000,,
11987968,4873984,15227392,,
12438272,5134336,15401728,,
12091648,4964096,15248128,,
12025600,4905728,15242496,,
12023552,4903424,15237632,,
12064512,4915968,15249920,,
12110592,4942080,15240704,,
12126208,4940800,15260160,,
12199936,5010944,15284992,,
12239104,5022464,15288320,,
12123136,4969728,15264512,,
12055296,4927232,15234816,,
12012800,4893696,15217664,,
11987200,4869632,15225856,,
12007680,4875520,15223552,,
11996672,4873984,15228416,,
12017152,4857600,15236096,,
12030208,4860672,15250432,,
12022784,4860928,15248384,,
12010240,4854272,15236352,,
12029440,4845312,15244544,,
12048640,4847872,15265024,,
12048640,4826112,15260672,,
12012800,4836864,15270400,,
12052480,4825344,15276288,,
11990272,4801536,15263744,,
12047104,4826624,15286528,,
12051712,4806400,15273984,,
12535808,5062912,15445760,,
12066304,4798976,15303168,,
12069376,4770304,15305728,,
12097280,4771584,15307264,,
12105728,4782592,15315200,,
12134400,4799488,15313920,,
12162816,4810752,15346432,,
12216064,4852224,15371776,,
12237056,4855296,15366656,,
12153600,4778240,15327744,,
12049152,4733952,15322368,,
12086016,4733440,15326720,,
12141824,4743168,15328000,,
12158976,4729600,15330816,,
12140288,4706304,15342336,,
12193536,4708352,15356416,,
12203520,4705280,15357952,,
12241664,4715520,15351808,,
12213504,4697088,15357952,,
12201728,4686336,15365632,,
12218368,4693760,15379968,,
12195328,4677888,15381248,,
12242432,4680448,15412224,,
12226560,4662016,15407872,,
12231424,4670464,15403264,,
12270848,4680192,15393280,,
12310784,4694528,15437824,,
12518912,4805632,15506432,,
12317440,4659968,15416320,,
12302848,4641792,15396096,,
12323072,4649216,15416832,,
12365568,4656640,15429120,,
12405760,4662016,15452672,,
12453632,4691968,15465472,,
12492288,4720896,15483392,,
12522752,4729088,15487488,,
12418560,4650240,15453696,,
12358400,4608768,15441408,,
12353280,4602880,15408640,,
12258816,4591360,15453440,,
12369920,4597248,15440128,,
12378112,4608000,15440896,,
12369920,4591872,15452160,,
12380160,4601344,15451136,,
12351232,4600832,15452928,,
12365312,4571904,15457792,,
12328192,4570368,15473408,,
12360960,4568832,15427072,,
12376064,4580608,15435008,,
12413440,4599296,15457280,,
12362752,4554496,15429120,,
12372736,4583168,15454976,,
12389632,4564224,15453440,,
12813568,4806912,15629568,,
12414464,4592384,15455744,,
12377600,4553728,15481344,,
12367360,4552704,15450880,,
12394752,4563456,15461120,,
12370176,4554496,15470336,,
12410624,4582400,15492096,,
12503552,4616704,15503360,,
12542464,4670976,15522304,,
12450816,4582656,15494400,,
12309760,4506624,15446016,,
12289792,4502272,15455744,,
12272896,4481280,15435520,,
12299008,4483072,15431680,,
12305152,4482048,15440128,,
12259584,4492032,15448064,,
12246272,4473344,15443200,,
12256512,4491008,15449088,,
12249088,4469760,15430144,,
12227072,4478464,15443200,,
12211200,4481792,15426304,,
12245504,4484608,15440384,,
12205824,4472832,15437056,,
12150272,4455168,15438336,,
12184832,4470272,15456256,,
12451584,4617472,15580160,,
12208384,4531712,15474688,,
12141568,4464640,15467776,,
12137216,4466688,15451648,,
12152576,4460288,15453696,,
12165632,4481280,15482368,,
12171520,4474368,15479296,,
12251392,4526848,15509504,,
12294656,4564736,15512576,,
12224768,4520704,15504640,,
12108032,4459520,15465472,,
12066304,4438272,15478784,,
12062976,4453888,15474432,,
12068352,4444928,15462912,,
12117504,4467712,15463424,,
12086272,4449280,15485440,,
12099584,4458752,15488256,,
12087552,4444160,15466496,,
12095488,4456192,15445248,,
12149760,4464896,15456512,,
12110080,4456704,15463424,,
12158464,4498432,15471616,,
12155648,4488960,15473664,,
12093696,4477184,15463680,,
12135424,4483840,15478784,,
12147456,4470016,15524096,,
12383744,4647936,15574528,,
12158976,4524800,15504896,,
12114176,4498944,15479808,,
12115200,4513024,15495424,,
12135424,4518912,15503872,,
12140544,4526336,15528704,,
12205056,4558848,15527168,,
12264960,4606464,15545088,,
12286464,4603648,15533568,,
12153344,4537088,15520000,,
12092416,4492288,15507456,,
12100096,4500992,15474944,,
12121856,4518912,15485952,,
12132096,4501504,15486464,,
12111872,4523008,15493888,,
12127744,4511488,15488256,,
12126208,4524032,15484416,,
12157952,4530432,15484160,,
12174336,4535808,15484416,,
12136960,4519424,15512576,,
12161536,4515072,15502080,,
12204544,4554240,15492096,,
12192256,4528640,15501824,,
12210944,4545024,15486208,,
12164608,4519936,15473408,,
12214784,4542720,15521792,,
12473856,4691968,15604736,,
12215040,4556288,15520768,,
12194816,4548352,15511808,,
12207616,4558848,15497216,,
12218624,4566016,15517440,,
12236288,4569856,15526656,,
12337152,4627712,15544576,,
12395520,4648704,15565824,,
12383488,4644608,15550976,,
12235776,4561920,15515392,,
12212480,4558336,15502848,,
12222720,4539904,15501056,,
12234240,4557056,15515904,,
12227328,4557568,15499264,,
12246272,4557824,15497728,,
12256000,4562688,15494144,,
12231424,4560896,15500288,,
12239104,4572416,15497472,,
12232704,4563968,15507456,,
12195840,4569856,15506432,,
12222976,4568320,15504640,,
12276224,4606208,15504896,,
12268544,4592640,15493376,,
12246016,4595968,15497216,,
12253696,4578816,15487232,,
12554240,4753152,15614976,,
12289280,4637440,15514112,,
12267776,4611072,15502080,,
12240128,4597248,15489280,,
12248064,4586240,15510016,,
12277760,4617728,15519232,,
12320000,4622336,15507200,,
12416512,4701952,15544064,,
12453120,4707584,15542784,,
12386560,4674304,15521792,,
12226816,4600832,15483392,,
12230656,4605696,15489792,,
12262400,4608768,15464960,,
12224512,4599040,15491840,,
12235520,4587776,15488000,,
12241408,4605184,15467008,,
12240896,4610816,15477760,,
12233728,4605440,15471360,,
12230912,4613376,15490560,,
12240128,4603136,15467776,,
12276224,4631552,15481856,,
12227840,4605440,15448320,,
12228352,4614656,15459840,,
12223744,4612096,15467264,,
12531968,4788480,15579136,,
12299008,4701952,15468288,,
12240640,4640768,15477248,,
12214016,4639488,15463680,,
12242432,4619776,15474944,,
12254208,4664576,15484160,,
12291328,4656384,15480320,,
12335360,4708096,15505152,,
12400128,4742656,15521536,,
12351488,4741888,15515136,,
12200704,4648192,15470336,,
12171520,4638208,15463168,,
12176640,4640512,15461120,,
12173824,4654592,15454720,,
12161280,4635136,15444992,,
12162048,4662016,15444736,,
12132608,4649728,15458304,,
12154624,4635904,15450624,,
12127232,4637696,15449600,,
12144384,4642816,15448832,,
12108288,4638464,15458560,,
12165376,4664064,15444736,,
12162048,4692736,15446784,,
12154112,4677376,15450624,,
12178688,4702976,15462912,,
12153600,4694528,15456512,,
12470016,4865536,15595776,,
12245760,4779520,15468544,,
12162816,4722432,15450624,,
12172544,4727552,15469312,,
12198400,4734208,15478528,,
12217088,4756992,15472384,,
12225280,4763136,15480832,,
12303872,4814336,15509248,,
12363264,4858624,15525120,,
12307456,4824576,15513344,,
12204544,4762112,15462912,,
12187904,4758016,15470080,,
12193024,4765440,15462400,,
12187392,4769536,15451904,,
12162304,4761088,15460096,,
12196608,4781312,15457024,,
12189184,4782592,15461376,,
12231168,4791040,15456512,,
12201984,4807936,15471104,,
12213504,4797440,15464192,,
12185088,4776192,15444224,,
12212992,4773632,15443712,,
12215296,4778240,15443456,,
12249600,4808448,15449856,,
12247040,4791040,15447040,,
12247808,4787456,15429888,,
12236800,4769792,15407104,,
12726528,5062656,15609856,,
12326400,4833280,15432704,,
12251392,4807424,15426048,,
12305408,4823808,15415296,,
12316928,4819200,15429632,,
12334592,4838912,15428864,,
12354560,4848384,15454208,,
12449536,4895232,15474688,,
12485120,4917504,15475968,,
12406272,4874752,15442688,,
12294656,4815360,15433472,,
12255744,4814080,15415040,,
12349184,4832512,15393536,,
12338432,4834560,15401216,,
12360960,4814336,15388416,,
12348928,4816896,15399680,,
12374272,4839936,15393024,,
12346368,4850944,15405824,,
12382208,4835584,15380480,,
12379136,4851456,15388160,,
12349696,4844288,15391232,,
12361472,4840960,15391744,,
12396544,4866560,15390720,,
12403712,4879360,15386112,,
12377856,4850944,15397632,,
12355328,4872960,15385344,,
12393472,4879360,15401216,,
12462336,4895488,15447552,,
12542464,4972288,15477504,,
12361216,4874240,15398656,,
12386304,4853760,15405056,,
12401920,4876288,15407872,,
12416000,4884480,15416832,,
12413184,4896512,15439104,,
12454400,4954368,15491072,,
12528128,4980224,15492352,,
12563968,4957952,15467008,,
12408064,4877824,15406592,,
12370432,4855552,15405568,,
12369408,4853760,15398400,,
12370432,4860160,15398656,,
12398336,4862208,15385088,,
12369152,4863488,15372800,,
12382976,4859136,15394560,,
12349440,4843008,15388160,,
12359936,4864512,15382016,,
12335360,4870656,15400448,,
12339968,4853504,15406080,,
12311808,4850944,15419136,,
12320512,4865024,15397376,,
12352768,4910080,15431680,,
12313088,4901632,15442688,,
12234752,4991488,15559680,,
12268032,4916992,15513600,,
12751360,5150720,15671296,,
12319744,4929792,15471104,,
12294912,4904192,15492352,,
12314880,4891136,15433216,,
12301312,4879872,15425536,,
12334080,4890624,15424512,,
12354304,4903424,15414528,,
12413440,4944128,15439616,,
12466176,4965632,15450624,,
12335616,4943104,15466496,,
12233472,4875008,15436288,,
12192768,4842752,15444736,,
12189952,4842240,15434240,,
12179712,4836352,15407360,,
12200960,4860672,15386624,,
12168192,4836096,15368704,,
12186368,4854272,15414784,,
12214784,4871680,15416320,,
12184832,4867328,15410432,,
12203008,4861184,15406336,,
12218624,4864000,15394816,,
12231424,4843008,15374848,,
12210688,4863232,15392512,,
12224000,4873984,15349760,,
12246784,4848128,15370496,,
12236288,4843776,15365632,,
12463616,4953088,15453952,,
12343808,4942592,15371264,,
12293120,4891648,15381248,,
12275968,4894720,15369216,,
12256000,4885504,15359232,,
12344832,4944128,15374592,,
12328448,4956160,15397120,,
12375552,4987136,15408128,,
12451840,5032704,15435776,,
12415232,5007104,15436032,,
12273408,4943360,15389440,,
12234240,4919296,15372032,,
12239104,4930048,15389952,,
12238592,4941568,15359488,,
12202240,4946432,15386880,,
12229376,4935168,15385856,,
12240640,4975872,15386624,,
12254464,4983552,15400448,,
12260608,4992000,15375360,,
12234496,4998144,15408128,,
12223232,5005056,15431424,,
12255488,5028864,15436288,,
12310528,5058304,15428352,,
12234240,5009664,15405312,,
12218624,5006080,15399936,,
12202752,5013248,15396608,,
12585984,5230336,15542272,,
12271616,5094656,15409408,,
12212992,5052928,15425024,,
12193280,5036032,15420928,,
12229632,5048064,15429888,,
12172800,5054976,15432960,,
12166912,5110272,15447296,,
12254464,5160960,15523584,,
12144640,5238528,15587072,,
11972352,5201408,15626240,,
11708416,5111552,15652608,,
11535872,5095936,15673856,,
11377920,5094400,15708160,,
11265536,5091584,15727104,,
11160832,5081088,15740672,,
11074304,5073664,15792128,,
11001600,5082368,15789056,,
10939648,5056768,15825920,,
10881280,5063424,15847168,,
10810624,5074432,15868672,,
10786560,5062144,15867648,,
10795776,5106176,15870720,,
10708224,5079296,15879168,,
10732800,5090304,15904512,,
10692864,5043968,15863040,,
10721024,5087488,15926528,,
10762496,5112064,15897344,,
10622976,5067520,15880960,,
10579200,5071104,15881728,,
10581248,5067264,15896064,,
10599168,5095680,15908608,,
10591488,5096192,15917824,,
10612736,5130496,15967744,,
10701568,5176064,15977984,,
10674944,5172480,15979264,,
10584576,5112320,15952128,,
10471936,5064448,15925504,,
10432256,5046528,15940096,,
10462208,5069312,15933952,,
10415616,5030912,15912448,,
10461952,5074688,15920384,,
10446848,5050368,15931904,,
10455808,5059584,15923200,,
10448128,5051392,15922688,,
10462464,5048064,15900672,,
10469120,5075456,15912192,,
10436864,5040128,15914752,,
10384896,5038848,15917568,,
10408448,5060352,15910400,,
10401280,5029120,15931904,,
10723328,5228288,16046080,,
10390528,5059584,15909376,,
10388480,5054464,15924224,,
10380032,5039872,15915008,,
10385408,5070848,15933696,,
10392832,5076224,15929088,,
10453760,5102592,15946240,,
10530304,5155584,15963648,,
10528000,5156864,15965184,,
10379520,5072896,15944448,,
10316288,5023744,15929344,,
10281984,5013504,15902464,,
10276352,5023488,15911168,,
10278400,5031680,15923712,,
10304256,5051904,15918336,,
10259712,5026048,15940864,,
10255872,5041920,15922432,,
10264832,5063936,15937280,,
10273024,5074432,15925248,,
10268416,5087488,15938304,,
10212608,5073408,15922944,,
10220288,5079296,15918592,,
10212864,5074176,15934976,,
10179328,5067520,15936000,,
10753536,5407488,16121856,,
10288640,5157120,15940864,,
10243840,5143552,15963904,,
10231808,5135616,15964928,,
10254080,5156864,15969280,,
10244096,5160960,15972096,,
10311424,5220352,15990528,,
10378496,5257984,16008960,,
10375936,5265920,16009984,,
10255616,5204224,16011264,,
10194432,5179648,15965696,,
10203904,5158144,15957248,,
10223616,5165568,15966976,,
10228992,5179648,15968512,,
10210560,5162240,15963136,,
10168576,5160960,15969792,,
10211328,5194240,15981824,,
10227200,5212672,15981056,,
10246144,5207552,15954176,,
10223104,5192960,15964672,,
10278144,5243904,15948544,,
10247424,5223168,15960576,,
10241792,5215744,15956736,,
10263040,5206016,15969536,,
10241024,5205760,15944448,,
10793216,5510400,16145152,,
10324224,5271296,15968000,,
10269696,5222912,15961600,,
10265856,5210112,15954432,,
10303488,5254656,15992832,,
10291968,5269248,16006400,,
10311936,5300736,16059136,,
10375936,5318144,16046848,,
10427136,5318400,16021248,,
10359552,5295104,15995136,,
10275840,5229824,15969536,,
10281728,5230592,15961600,,
10264832,5247232,15982848,,
10275328,5210880,15962112,,
10248960,5213184,15958272,,
10263808,5204480,15976704,,
10246144,5211648,15982080,,
10247424,5226752,15977728,,
10247680,5231872,15965440,,
10233088,5232384,15988736,,
10245632,5236480,15981568,,
10209024,5233408,15987200,,
10211072,5225472,15972864,,
10201600,5219840,15979008,,
10218240,5243648,15972608,,
10167552,5219584,15964928,,
10695424,5490176,16145152,,
10271488,5284352,15979520,,
10223104,5247232,15979264,,
10204160,5244928,15982848,,
10210304,5252864,15975424,,
10218240,5289472,15986176,,
10236672,5308416,16002816,,
10303744,5335296,16029952,,
10315008,5344512,16025856,,
10250752,5304320,15988992,,
10169856,5273600,15955712,,
10137088,5252864,15965184,,
10080512,5256704,15972608,,
10089472,5232640,15969024,,
10122752,5261312,15974144,,
10123520,5262592,15949312,,
10113024,5270272,15957760,,
10114560,5278976,15959808,,
10127872,5279488,15974656,,
10116096,5288960,15963648,,
10127616,5288704,15969280,,
10156032,5315328,15961600,,
10127104,5295872,15948800,,
10127104,5313280,15967232,,
10133248,5335552,15941376,,
10407936,5481984,16066304,,
10194432,5394688,15954944,,
10147584,5362176,15963648,,
10147584,5362944,15974144,,
10149120,5361664,15970304,,
10144512,5367040,15963904,,
10180608,5396224,15974656,,
10215424,5451008,16009728,,
10269440,5489408,16033792,,
10243840,5475584,16021504,,
10122240,5406976,15970816,,
10100480,5380096,15986176,,
10081024,5401344,15982592,,
10049536,5394432,15983616,,
10054400,5383424,15976448,,
10065152,5425920,15981568,,
10039040,5410816,15970048,,
10041856,5423360,15979264,,
10030848,5403392,15973120,,
10029824,5416704,15981824,,
10035456,5432320,15986944,,
10054912,5427200,16004096,,
10024192,5445120,15991808,,
9977600,5418752,16002816,,
9990656,5423104,16029696,,
10425856,5687552,16181248,,
10057728,5486592,16030976,,
10003968,5451776,15999232,,
10019328,5469184,16015616,,
10012160,5455360,16017408,,
10026496,5471744,16043264,,
10079744,5509120,16045312,,
10138624,5527808,16086016,,
10148864,5571328,16087040,,
10094848,5550336,16061440,,
10002944,5495040,16029184,,
9978368,5503232,16034304,,
9964544,5469440,16010752,,
10027008,5522176,16041472,,
10002688,5518848,16020736,,
9986304,5514752,16054016,,
9952512,5504256,16024832,,
9961216,5516032,16042496,,
9978112,5522688,16043264,,
9962752,5506816,16062464,,
10005504,5558272,16068608,,
9992960,5563392,16065280,,
9957376,5553152,16057856,,
9967360,5545216,16063488,,
9981952,5556224,16050688,,
10286080,5733632,16175360,,
10061056,5647872,16068096,,
10020096,5582080,16062208,,
10009600,5578752,16072704,,
10021888,5590016,16085504,,
10033664,5601792,16071424,,
10014464,5596416,16084736,,
10082304,5641472,16111616,,
10126592,5664768,16118784,,
10055680,5643520,16090112,,
9985792,5594112,16073728,,
9948160,5572352,16087296,,
9952256,5579520,16079104,,
9959936,5569280,16078336,,
9945344,5553664,16094208,,
9963776,5572096,16103168,,
9955584,5556736,16096512,,
9962496,5562624,16102144,,
9950464,5550080,16092416,,
9927424,5561088,16090368,,
10009600,5598464,16115456,,
9931520,5576960,16131584,,
9919744,5537792,16118272,,
9910016,5534720,16118272,,
9943808,5530112,16141056,,
10360832,5790208,16283136,,
9976320,5569280,16142336,,
9952768,5546496,16111872,,
9933312,5561600,16142336,,
9927168,5540864,16130816,,
9956608,5555968,16139520,,
9981952,5569792,16160000,,
10055936,5616896,16167168,,
10085632,5626368,16192256,,
9981952,5563136,16153600,,
9906176,5495552,16136704,,
9910528,5503744,16136448,,
9913856,5505280,16126208,,
9878016,5507328,16131072,,
9882368,5496064,16120576,,
9916928,5506816,16130560,,
9893120,5489152,16120064,,
9865728,5481984,16107520,,
9878016,5498112,16143616,,
9870848,5497600,16108032,,
9882880,5488640,16118272,,
9856000,5454336,16101120,,
9835264,5438208,16104960,,
10339072,5739264,16289024,,
9910016,5528576,16128768,,
9875712,5484544,16128768,,
9862400,5481984,16121088,,
9856000,5489920,16131328,,
9896704,5505536,16137472,,
9905408,5524480,16162816,,
10003712,5574656,16173312,,
10025216,5595392,16180736,,
9944064,5566720,16169472,,
9796352,5491968,16139520,,
9780992,5480192,16150272,,
9768192,5498624,16161024,,
9802496,5497088,16155904,,
9788928,5518336,16156928,,
9807104,5485824,16170496,,
9811200,5507840,16174336,,
9771008,5500160,16196096,,
9777152,5489664,16192000,,
9815040,5535232,16192000,,
9798400,5513472,16190720,,
9812736,5500416,16181760,,
9836800,5533952,16184064,,
9812736,5488896,16206080,,
10378240,5828352,16397568,,
9879808,5529856,16215296,,
9886976,5541888,16202240,,
9883136,5533184,16199424,,
9929984,5556480,16224256,,
9935872,5559808,16213760,,
9964288,5567488,16226048,,
10047488,5616640,16251648,,
10049536,5641472,16252160,,
9992960,5602560,16255744,,
9896960,5552384,16233216,,
9895168,5544960,16231680,,
9881344,5526016,16240896,,
9919488,5543424,16234496,,
9884416,5542912,16240384,,
9869056,5543680,16255232,,
9903872,5556224,16254464,,
9869568,5543424,16259840,,
9908224,5559552,16271616,,
9929984,5564416,16261120,,
9940992,5567232,16276480,,
9898752,5548800,16258048,,
9917440,5556736,16274176,,
9936384,5551104,16270848,,
9897472,5523456,16285696,,
10449408,5844992,16453376,,
9966336,5566720,16266240,,
9918464,5540352,16281600,,
9934848,5549824,16281344,,
9971712,5560576,16278528,,
9986560,5565440,16292608,,
10014464,5573376,16316672,,
10076672,5608704,16333056,,
10109440,5626624,16347136,,
10038528,5586944,16317184,,
9923072,5510144,16279808,,
9914368,5516544,16288512,,
9933824,5511936,16296960,,
9926400,5520128,16297728,,
9959680,5526784,16312064,,
9985280,5524736,16289024,,
9966336,5537280,16327936,,
9947648,5492992,16291584,,
9975040,5525760,16312576,,
9964800,5513472,16301568,,
9955584,5510400,16293120,,
9978368,5498368,16307456,,
9981440,5521152,16307712,,
10010368,5527040,16299520,,
9985792,5520640,16285184,,
9975040,5529600,16293120,,
9962496,5505792,16311040,,
10383872,5754368,16491008,,
10047232,5578240,16323072,,
10014208,5552384,16311040,,
10034432,5594624,16324352,,
10050304,5575168,16320512,,
10078208,5596160,16328704,,
10103808,5607936,16339712,,
10163200,5650176,16351232,,
10208000,5675264,16377600,,
10123008,5631488,16354816,,
10030592,5601280,16333056,,
9992448,5571328,16333056,,
10004736,5588992,16329472,,
10002688,5586944,16337664,,
10018560,5576448,16316416,,
10022912,5574656,16325888,,
10021632,5597696,16316672,,
10042368,5608704,16318720,,
10036224,5579520,16316160,,
10048256,5603840,16327936,,
10051584,5582336,16327168,,
10033408,5581824,16321280,,
10074368,5599232,16326656,,
10087424,5599744,16317696,,
10048000,5588224,16324864,,
10054400,5592320,16318976,,
10044416,5553408,16317184,,
10550784,5881088,16508160,,
10118656,5616128,16343552,,
10074880,5583360,16351488,,
10062336,5598208,16332032,,
10077184,5603584,16348160,,
10090752,5615360,16354816,,
10126336,5649664,16363520,,
10205952,5692160,16396032,,
10254848,5717248,16396544,,
10105088,5670656,16358656,,
10013952,5614592,16344320,,
10016512,5623296,16353792,,
10001408,5623296,16357120,,
9993728,5603072,16364544,,
10011136,5609984,16352000,,
10044672,5612544,16349952,,
10010624,5625088,16355840,,
10050048,5634816,16349184,,
10032640,5626624,16378112,,
10020864,5626368,16378880,,
10042112,5626368,16356096,,
10071040,5643776,16362752,,
10024192,5638656,16376576,,
10098944,5678336,16395520,,
10100992,5669376,16377088,,
9975296,5658112,16393472,,
10084864,5655040,16399360,,
10120192,5704192,16428032,,
10280192,5799168,16475648,,
10058752,5692928,16399360,,
10038784,5642496,16394496,,
10061312,5679872,16410880,,
10085888,5673984,16416512,,
10112512,5711872,16425728,,
10150656,5730560,16441600,,
10211840,5789952,16449792,,
10220288,5785856,16463872,,
10046208,5711872,16437248,,
10008320,5675520,16409856,,
10001664,5662976,16392192,,
10029312,5667072,16420864,,
10016512,5679104,16400640,,
10030848,5676544,16398080,,
10043136,5693440,16405248,,
10053376,5695744,16405248,,
10083840,5698816,16398592,,
10076928,5693184,16405248,,
10029312,5694208,16412672,,
10079744,5711872,16401408,,
10076672,5707264,16420096,,
10068480,5704192,16415744,,
10128384,5738752,16414208,,
10100992,5720320,16406272,,
10088192,5706752,16389120,,
10079232,5701376,16408320,,
10344448,5837568,16532992,,
10156800,5786112,16413184,,
10104320,5710848,16385792,,
10086144,5726464,16416256,,
10180096,5741312,16415232,,
10150400,5766144,16426240,,
10209280,5782528,16437760,,
10245376,5814528,16448768,,
10312960,5844224,16456704,,
10277888,5825024,16432384,,
10151936,5748480,16428800,,
10125312,5731328,16413184,,
10127104,5731328,16396800,,
10118912,5717248,16404480,,
10097152,5717248,16403200,,
10109184,5708800,16391424,,
10106112,5719296,16396288,,
10103808,5716224,16380928,,
10078976,5711360,16385280,,
10100992,5705472,16397568,,
10113536,5721344,16421888,,
10116096,5721600,16393216,,
10162176,5744896,16413440,,
10123008,5737728,16398848,,
10129664,5735680,16392448,,
10105600,5736448,16397056,,
10073088,5693184,16402176,,
10616832,6019584,16580608,,
10106112,5744640,16407808,,
10143744,5744384,16388608,,
10122240,5731584,16408576,,
10124032,5748480,16395776,,
10179328,5737216,16399360,,
10183168,5766912,16434432,,
10269952,5795840,16427520,,
10302208,5815296,16434432,,
10185216,5752064,16400640,,
10117632,5708800,16382208,,
10084864,5693952,16375552,,
10089472,5705472,16387840,,
10118656,5719296,16384512,,
10094848,5679360,16384000,,
10089728,5716224,16384000,,
10088960,5700864,16387072,,
10116608,5709056,16380160,,
10101760,5734144,16383232,,
10096640,5696256,16389632,,
10111744,5716480,16382976,,
10145536,5741824,16392704,,
10121216,5724416,16389120,,
10119936,5710080,16407808,,
10083328,5718272,16415232,,
10447360,5915136,16529408,,
10169600,5809664,16440832,,
10095616,5736960,16427776,,
10112512,5745664,16437760,,
10115840,5750528,16427008,,
10127872,5764352,16457216,,
10143232,5782016,16472576,,
10193664,5812224,16495616,,
10237184,5860864,16515328,,
10206720,5842432,16495360,,
10074112,5777152,16494592,,
10081792,5759744,16466432,,
10047488,5754112,16477184,,
10065664,5766144,16474368,,
10048000,5761024,16482816,,
10054144,5786368,16493568,,
10053632,5769984,16482816,,
10055424,5783296,16495104,,
10068736,5787648,16496128,,
10065152,5786112,16488448,,
10088704,5778176,16497920,,
10081024,5787904,16503040,,
10096384,5800960,16529920,,
10058496,5803264,16505600,,
10081024,5797120,16493312,,
10024448,5777664,16498432,,
10315264,5935872,16621056,,
10137344,5868032,16520704,,
10071808,5784576,16535296,,
10064384,5795584,16520960,,
10074624,5801984,16513280,,
10101248,5830656,16531712,,
10153472,5851904,16534784,,
10193920,5869824,16539392,,
10238976,5902336,16590848,,
10240512,5899776,16569088,,
10127360,5826816,16527872,,
10107904,5821440,16541952,,
10091264,5818624,16541184,,
10069504,5792768,16523520,,
10085376,5806080,16547072,,
10089216,5803264,16541184,,
10077184,5794816,16531712,,
10067712,5817600,16544256,,
10109440,5810688,16533248,,
10080000,5802752,16538368,,
10088192,5787904,16551936,,
10149376,5845504,16549376,,
10111232,5820928,16558080,,
10119936,5825024,16567808,,
10129152,5826560,16554752,,
10416640,5984512,16699904,,
10183424,5892096,16562176,,
10145280,5842944,16582400,,
10136576,5838592,16592896,,
10137344,5846272,16579072,,
10183936,5862656,16596224,,
10181632,5890816,16605440,,
10263296,5907712,16627712,,
10333440,5963776,16652288,,
10282496,5942784,16628224,,
10168320,5869056,16606208,,
10132224,5848064,16593664,,
10126592,5833472,16577536,,
10116864,5834752,16602624,,
10104576,5862400,16602880,,
10099712,5833728,16596480,,
10151680,5863424,16591616,,
10167552,5870080,16606720,,
10149376,5872896,16604672,,
10138368,5871616,16606720,,
10117376,5852160,16617472,,
10120192,5861120,16613120,,
10121216,5857024,16612096,,
10410752,6033664,16750848,,
10198528,5927168,16638720,,
10093568,5869824,16635136,,
10095104,5877760,16631296,,
10098944,5883136,16622592,,
10117120,5874432,16645376,,
10123776,5908992,16630784,,
10200832,5941248,16670720,,
10287104,6000640,16687616,,
10198784,5940992,16647936,,
10074880,5874176,16636928,,
10045440,5852416,16611328,,
10038272,5855744,16601600,,
10030336,5869824,16620544,,
10056960,5858816,16616960,,
10032128,5866752,16612864,,
10033920,5848576,16599808,,
10027008,5862656,16612352,,
10033152,5853440,16621312,,
10038528,5867264,16634368,,
10011648,5844480,16621824,,
9993472,5836800,16622848,,
10005760,5851904,16622336,,
10362880,6051584,16771584,,
10080256,5921280,16644608,,
10041344,5881344,16643072,,
10032640,5889792,16641024,,
10041600,5908992,16630272,,
10042624,5915648,16651520,,
10050304,5906176,16662272,,
10110976,5966080,16686592,,
10174208,6011136,16704768,,
10106624,5961472,16688128,,
9979904,5914112,16685568,,
9959680,5893888,16685312,,
9993216,5905152,16672000,,
9968896,5915904,16682496,,
9973504,5905920,16683776,,
9984768,5905664,16685312,,
9998848,5930240,16682496,,
10018560,5958656,16692224,,
9995264,5949184,16690176,,
9988352,5947904,16703488,,
9990912,5931776,16708352,,
10038528,5953280,16776704,,
10018304,5932544,16704768,,
10018048,5935872,16692480,,
9989632,5930240,16720896,,
10313728,6103552,60160,,
10115328,6021632,16734720,,
10016256,5949184,16736000,,
10014464,5940224,16733696,,
10063616,5941760,16749312,,
10038272,5938688,16751616,,
10083840,5978368,16766208,,
10124032,5982208,16766720,,
10191872,6023168,31744,,
10144256,6021376,8960,,
10086400,5969920,16765952,,
10021888,5924608,16747264,,
10009856,5927680,16753920,,
10024704,5938176,16753920,,
10050560,5947392,16746752,,
10052352,5936384,16768000,,
10054144,5941504,16776448,,
10059008,5961216,16756480,,
10026752,5928192,16770304,,
10055168,5934336,16772864,,
10027776,5924608,16769792,,
10087936,5942272,16774400,,
10093568,5944064,7168,,
10090240,5936128,16772608,,
10063616,5920000,9984,,
10083584,5911808,35584,,
10608640,6235136,202240,,
10147840,5955072,29440,,
10094336,5948928,32512,,
10074368,5932288,44800,,
10075904,5923328,46848,,
10088960,5933568,61184,,
10113024,5941248,74496,,
10143232,5977088,89344,,
10206720,6000128,105984,,
10221056,6003968,102400,,
10109440,5935360,70912,,
10039552,5898240,56064,,
10029312,5897728,75008,,
9983232,5878784,65024,,
10016512,5882624,67072,,
9988096,5878784,76288,,
10007040,5883392,82944,,
9992960,5854208,81408,,
9961216,5834240,83456,,
9949184,5830656,61184,,
9954816,5814528,83456,,
9916160,5793536,72448,,
9941248,5801216,92672,,
9903104,5794560,91392,,
9950208,5830656,64768,,
9951232,5822464,79616,,
9914112,5804800,80640,,
9916416,5804288,94208,,
10007296,5835776,144640,,
10103808,5906176,184064,,
9943296,5805312,98816,,
9957632,5810944,93184,,
9960448,5809920,77568,,
9950464,5809920,83200,,
9983488,5818112,84992,,
9985280,5827328,83968,,
10046976,5850880,88832,,
10132480,5891840,116992,,
10134784,5923584,120064,,
10003968,5835264,103936,,
9934592,5796352,84992,,
9908992,5789952,79360,,
9906688,5796608,65280,,
9902336,5808128,78080,,
9912832,5813504,79104,,
9880576,5811712,81920,,
9870592,5810688,70656,,
9880576,5811968,83200,,
9856512,5816320,70656,,
9856512,5822720,94976,,
9866752,5819648,90112,,
9841920,5816832,97024,,
9830144,5827584,91648,,
9858304,5858816,103936,,
9826816,5853184,100864,,
9813760,5838848,95488,,
9809408,5835520,109824,,
9796608,5822464,107264,,
10239232,6074624,285440,,
9867776,5890560,125440,,
9793280,5829120,101888,,
9810176,5810688,119040,,
9821440,5821440,101376,,
9843456,5857024,117760,,
9849600,5856512,110336,,
9864192,5856512,143104,,
9966080,5927936,153344,,
9964032,5925376,157440,,
9898752,5889024,139008,,
9784832,5829888,118784,,
9782784,5842176,138240,,
9779968,5818112,121600,,
9762816,5810432,127488,,
9762560,5812736,121600,,
9792256,5820416,113664,,
9778176,5834752,116224,,
9776128,5845248,104192,,
9775616,5859328,113664,,
9769472,5840128,114176,,
9793536,5850112,120064,,
9809664,5875200,126208,,
9807360,5864448,123648,,
9794048,5845760,119040,,
9770752,5851648,102144,,
9784832,5848320,128768,,
9778432,5837824,105472,,
9782272,5845248,102144,,
9761792,5845248,114944,,
9766144,5824512,118784,,
10298112,6133504,286976,,
9846272,5891328,117760,,
9834496,5875200,98816,,
9796608,5858816,100608,,
9798144,5856512,108032,,
9796352,5863936,97792,,
9844736,5884672,111872,,
9864192,5870080,121344,,
9915392,5933824,144384,,
9966848,5948928,139008,,
9877504,5916928,133632,,
9748224,5838336,117504,,
9741056,5844480,113408,,
9772544,5844992,100352,,
9737984,5834240,88576,,
9736192,5829888,84736,,
9781248,5851648,81152,,
9771520,5854464,81920,,
9777408,5857024,85760,,
9783552,5852160,91904,,
9769984,5839104,84224,,
9782272,5847808,76544,,
9765888,5842944,92672,,
9772288,5834752,76800,,
9766400,5871872,82688,,
9766912,5841408,88320,,
9739520,5849344,102656,,
9790464,5878016,91392,,
9738240,5852928,75008,,
9742848,5868544,90624,,
9717248,5844992,82432,,
9672704,5815808,68864,,
10213888,6132224,254464,,
9756672,5902592,79616,,
9746944,5878272,64000,,
9729536,5883904,69632,,
9741312,5889024,62720,,
9730304,5870080,64000,,
9795072,5889536,78592,,
9791744,5894144,87040,,
9838592,5937408,84736,,
9888000,5967872,98816,,
9850880,5949952,102400,,
9754624,5884160,62464,,
9692416,5848832,61440,,
9672192,5832960,61696,,
9653504,5840896,59392,,
9668864,5837824,67840,,
9643520,5826560,59904,,
9679616,5868544,69888,,
9668352,5860608,58368,,
9629696,5848320,46592,,
9665024,5868544,34048,,
9653760,5853696,65792,,
9654528,5862912,50432,,
9666048,5846528,47360,,
9667840,5857536,39936,,
9659904,5856768,28160,,
9683712,5881856,19968,,
9664512,5869824,15104,,
9698560,5870336,15360,,
9703936,5878784,17152,,
9687296,5881600,35328,,
10201856,6176000,205824,,
9704704,5910528,21248,,
9701632,5896704,18944,,
9699072,5916672,13568,,
9716480,5902592,13312,,
9722624,5927936,16128,,
9703680,5941760,24064,,
9765376,5980672,39168,,
9803008,6007040,45568,,
9840896,6037760,51200,,
9769728,6022400,56320,,
9683712,5952000,23552,,
9632512,5945344,16768256,,
9633792,5942272,14848,,
9605632,5942528,19712,,
9618176,5947648,16384,,
9616384,5939968,11008,,
9616640,5975552,29696,,
9594880,5975808,20224,,
9589760,5976320,5888,,
9618176,5977600,28928,,
9549568,5947392,39168,,
9543168,5952256,27904,,
9520640,5946112,24576,,
9505280,5941248,6656,,
9511424,5943040,30208,,
9526272,5946880,30976,,
9530624,5944320,19712,,
9568512,5974272,34304,,
9544960,5953792,14336,,
9503744,5929728,29952,,
10088704,6255104,214784,,
9687808,6019840,48128,,
9607936,5952768,33024,,
9633536,6003968,46080,,
9672960,6009600,41984,,
9640448,5982208,55040,,
9668352,6022912,47616,,
9708800,6059008,74496,,
9788160,6071552,84480,,
9824000,6099200,93184,,
9811968,6096896,94208,,
9678336,6021888,67072,,
9632768,6002176,34816,,
9664512,6005760,39424,,
9611264,5981952,63488,,
9658880,6007296,28160,,
9673472,5991936,43520,,
9673472,5985024,38912,,
9677056,5998336,40704,,
9664000,6007040,37632,,
9678592,6011392,52224,,
9684992,6008832,42240,,
9687040,6004736,47360,,
9678336,5995008,51712,,
9640960,5999360,41728,,
9697024,6029568,49152,,
9689344,6030848,53248,,
9654272,6025728,63744,,
9677824,6039808,49664,,
9628928,6001920,48384,,
10060544,6265344,208896,,
9752576,6125568,53248,,
9682944,6085376,23296,,
9692672,6065664,47104,,
9712640,6081024,56064,,
9716224,6076928,48128,,
9699840,6087168,69376,,
9739776,6109440,54784,,
9775872,6125824,94976,,
9870592,6174208,91136,,
9860608,6180864,93952,,
9756160,6109184,43264,,
9707520,6092544,29952,,
9662208,6058752,27648,,
9647872,6073856,26880,,
9676032,6089216,26624,,
9663232,6097664,7680,,
9652224,6110208,24832,,
9658624,6095872,17408,,
9662720,6103040,768,,
9661696,6085632,18688,,
9667072,6119424,15872,,
9655296,6104832,11776,,
9661696,6098944,16772096,,
9665536,6118400,27648,,
9672448,6135296,17664,,
9628160,6105088,7168,,
9568768,6118400,19968,,
9623808,6105344,9984,,
9598976,6090240,29184,,
10124800,6393088,188928,,
9671424,6134016,2560,,
9634048,6126848,2560,,
9596160,6096640,9472,,
9600512,6111488,33536,,
9604608,6137600,26112,,
9609216,6116608,36096,,
9609472,6116096,34560,,
9679872,6153472,56832,,
9731328,6180608,60416,,
9696000,6152960,54016,,
9580288,6062336,23040,,
9547520,6050560,14336,,
9524480,6034688,16776704,,
9534976,6035712,23040,,
9503488,6028032,11008,,
9507584,6034432,15360,,
9521408,6040320,5632,,
9509888,6045696,1024,,
9519360,6034432,3072,,
9527040,6063104,16772864,,
9519104,6049536,16763648,,
9538560,6082816,4096,,
9495040,6065920,16769536,,
9503232,6058752,16759296,,
9521152,6073344,16759296,,
9674496,6144512,80896,,
9584128,6087936,12544,,
9550592,6061824,16761344,,
9533952,6064128,16767232,,
9518336,6073344,16766976,,
9514496,6052864,16763904,,
9498368,6039552,19200,,
9550080,6058240,30464,,
9593344,6089472,39168,,
9651456,6138112,59648,,
9632512,6125568,40704,,
9537280,6046208,16773888,,
9506048,6029824,17664,,
9477120,6001152,0,,
9496832,6025216,20992,,
9500160,6017024,21248,,
9522688,6039808,7936,,
9521152,6031872,16128,,
9521664,6049792,1536,,
9505536,6053120,21248,,
9497344,6053632,25088,,
9513472,6045696,27648,,
9498112,6064640,9216,,
9534976,6075904,9472,,
9575936,6081536,12544,,
9501184,6066176,10240,,
9515008,6075136,15104,,
9534208,6092032,27904,,
9480704,6066944,28928,,
10006528,6376704,213760,,
9608704,6163968,28672,,
9579776,6142720,46848,,
9587200,6148608,41472,,
9580288,6162688,62720,,
9629184,6171136,49408,,
9661952,6162432,48896,,
9679360,6185472,52736,,
9720832,6233344,73984,,
9789952,6256896,100864,,
9748736,6243584,82432,,
9648640,6189312,65280,,
9616640,6167296,71424,,
9611008,6154240,54528,,
9619200,6167808,46848,,
9635840,6155008,60160,,
9629184,6172160,59392,,
9629696,6169088,63488,,
9609472,6156288,63744,,
9627392,6180864,51712,,
9611264,6180096,61184,,
9629440,6173184,75520,,
9650432,6194688,61696,,
9663232,6173440,62976,,
9714944,6198528,73984,,
9653504,6194688,83712,,
9658880,6177792,66048,,
9680128,6184448,77056,,
9660160,6189824,69888,,
10163968,6483456,242176,,
9709824,6228224,71424,,
9657600,6204416,54784,,
9643008,6206976,83968,,
9685504,6227456,56320,,
9716480,6240256,77056,,
9755648,6242560,84992,,
9748992,6252800,93696,,
9831680,6295808,117504,,
9844992,6330112,111360,,
9810688,6301184,108800,,
9726208,6245376,66304,,
9690880,6221568,55808,,
9644288,6219264,52224,,
9706240,6247168,49152,,
9697024,6235648,51456,,
9713408,6243328,45824,,
9721088,6228736,34048,,
9718016,6274304,57856,,
9692928,6262272,46848,,
9697792,6270976,52224,,
9695232,6240768,58624,,
9695232,6257152,55296,,
9692416,6259200,42496,,
9674240,6254336,31744,,
9708544,6278912,55808,,
9721344,6255872,54528,,
9718016,6259456,36096,,
9688576,6246656,32512,,
9680896,6233344,44032,,
10171136,6528256,197888,,
9783808,6310912,64256,,
9731072,6253312,53248,,
9724928,6241536,53248,,
9699328,6244352,40192,,
9731840,6259456,44032,,
9747200,6293248,46848,,
9797632,6303232,41216,,
9836032,6341376,70400,,
9864704,6358528,90880,,
9842176,6364416,71168,,
9751552,6313984,47360,,
9679104,6282496,18944,,
9656576,6278912,15872,,
9696256,6302208,20480,,
9687296,6285312,7168,,
9689088,6287104,12544,,
9689088,6303488,18944,,
9658880,6277632,5120,,
9663232,6280704,16763136,,
9647872,6285824,15360,,
9628928,6273536,8704,,
9639168,6281472,4608,,
9614592,6296064,10240,,
9585920,6276352,16761088,,
9573888,6276096,16776192,,
9541632,6258432,16775680,,
9520384,6255360,16767232,,
9457408,6211840,16760320,,
9927936,6497280,157696,,
9606400,6308096,3328,,
9563136,6261504,16758272,,
9546496,6249216,16757248,,
9550848,6244096,16741376,,
9581568,6290688,16738816,,
9597184,6315008,16750848,,
9651200,6339072,16776192,,
9720576,6363904,512,,
9735424,6395136,10752,,
9633536,6341632,16754432,,
9560576,6277632,16718848,,
9518336,6275328,16712448,,
9527040,6278912,16707584,,
9536256,6275584,16719104,,
9516032,6273280,16701440,,
9507840,6273024,16707840,,
9507840,6270976,16705792,,
9496320,6261760,16702976,,
9504256,6274560,16728576,,
9460736,6263808,16714240,,
9507328,6287616,16703744,,
9501184,6314752,16709632,,
9496320,6309376,16705024,,
9480448,6298112,16712448,,
9487616,6321152,16719104,,
9448960,6299392,16721152,,
9970944,6612992,113152,,
9519872,6347520,16728576,,
9483776,6313728,16736256,,
9439744,6308864,16730880,,
9490176,6313984,16746496,,
9498368,6345216,16759552,,
9543680,6350080,16760832,,
9604096,6398720,16384,,
9647872,6450176,37632,,
9583872,6429696,17408,,
9505536,6375680,16774912,,
9414656,6350848,16766720,,
9402880,6333952,16768768,,
9400064,6329600,16757248,,
9430016,6343936,16776960,,
9419264,6337280,16759552,,
9425920,6326016,16766976,,
9415680,6354688,16773888,,
9410816,6355968,16753664,,
9397504,6360576,16768768,,
9383680,6365696,16762624,,
9398528,6355456,16776192,,
9419520,6377984,16761600,,
9469952,6396416,12288,,
9422848,6364672,17152,,
9399040,6337024,5888,,
9435392,6373888,16775168,,
9455104,6395904,24576,,
9985536,6706432,204800,,
9491456,6397952,13312,,
9464832,6386688,16761344,,
9432576,6391552,1792,,
9463040,6414336,1792,,
9472256,6418688,15104,,
9501184,6430208,37632,,
9531904,6483712,41728,,
9623552,6530816,54784,,
9646848,6560000,65792,,
9575680,6518016,41472,,
9477120,6469632,13312,,
9429760,6449664,9984,,
9417216,6437888,16774400,,
9425408,6431232,16765696,,
9447936,6446848,16759552,,
9466112,6454784,16764672,,
9475840,6460416,16772864,,
9468416,6451968,16755456,,
9478912,6466560,16772352,,
9434112,6464768,16772096,,
9505792,6486272,16773888,,
9452288,6483968,16769536,,
9486080,6467584,2048,,
9462016,6473984,6144,,
9474816,6500864,8704,,
9501440,6487552,3584,,
9442560,6470656,10496,,
9486336,6486784,512,,
9430272,6458624,16771328,,
9958912,6776064,186624,,
9537024,6536704,9728,,
9502208,6509568,14336,,
9455104,6507520,0,,
9474560,6513664,6656,,
9500928,6507776,17152,,
9510400,6505472,35840,,
9541888,6517504,32000,,
9563904,6564608,63232,,
9641728,6615296,66560,,
9659136,6592256,66816,,
9538816,6540288,28672,,
9464576,6492672,10752,,
9463552,6514688,12800,,
9438720,6506240,13056,,
9454080,6496256,11520,,
9473024,6503680,19712,,
9460224,6494208,34048,,
9475584,6508800,9728,,
9425664,6490880,7680,,
9479168,6504192,11008,,
9477376,6537984,25344,,
9475072,6525440,27392,,
9443584,6525952,6912,,
9442560,6533888,16774656,,
9456896,6540032,16774144,,
9454080,6540288,8448,,
9489152,6564096,2560,,
9472000,6550528,8960,,
9472000,6532864,28672,,
9586176,6584576,88320,,
9740800,6686976,122624,,
9519360,6552064,27392,,
9489664,6537984,14848,,
9468928,6543616,13312,,
9495552,6548224,3072,,
9481984,6549248,27648,,
9500160,6544640,34304,,
9511680,6565888,43008,,
9573888,6572032,65536,,
9620736,6621952,64000,,
9559808,6598144,41984,,
9442816,6542848,512,,
9421824,6520832,7424,,
9412864,6508800,16768000,,
9376000,6508288,4608,,
9373184,6509056,5120,,
9364736,6533888,6656,,
9401856,6552576,14080,,
9389824,6542592,16757504,,
9350400,6526464,2048,,
9412352,6528768,30464,,
9363456,6519040,7680,,
9357056,6521088,14080,,
9332480,6522112,16768512,,
9365248,6542336,11520,,
9372160,6577152,5120,,
9348864,6553088,15616,,
9360896,6575104,22784,,
9355008,6588416,9984,,
9346304,6578176,36096,,
9893632,6885120,203008,,
9442048,6629376,48896,,
9392896,6601472,18432,,
9393664,6613248,26368,,
9409280,6621952,38912,,
9409024,6627072,27392,,
9409536,6624768,43264,,
9464832,6632448,60928,,
9529344,6692352,86784,,
9518592,6722304,98560,,
9491456,6700800,74752,,
9391872,6648064,52736,,
9323776,6632704,42496,,
9355776,6636032,38144,,
9392640,6651136,33536,,
9380096,6637568,30208,,
9412352,6671104,13312,,
9410304,6644992,32512,,
9408256,6637056,7168,,
9350912,6628352,13312,,
9360128,6654720,20480,,
9347840,6646528,43520,,
9367296,6645760,16773632,,
9356288,6668032,16640,,
9363712,6657024,28672,,
9414912,6718720,25344,,
9397760,6693376,16775936,,
9362688,6678528,16773120,,
9380352,6701056,8960,,
9449216,6746880,40704,,
9801472,6972160,147712,,
9402112,6755328,5120,,
9383680,6732800,32000,,
9416960,6743040,6144,,
9405184,6737664,5632,,
9413120,6756864,17152,,
9384192,6740736,34304,,
9485824,6780672,24064,,
9511936,6813184,61696,,
9524224,6838272,55296,,
9462016,6792704,53504,,
9369856,6748416,17152,,
9355264,6715136,14336,,
9344256,6709760,1792,,
9376256,6736640,6656,,
9383168,6725888,16768512,,
9399808,6763264,16776704,,
9376256,6759424,16771328,,
9377024,6765824,16754176,,
9369344,6744832,16753152,,
9398016,6760960,16765440,,
9364736,6743808,16754688,,
9374208,6756864,16748288,,
9386752,6759424,16732160,,
9419520,6771712,16775168,,
9389824,6767104,16753152,,
9387008,6732032,16745728,,
9371648,6751488,16754944,,
9399552,6751232,16772608,,
9773056,6994688,121856,,
9417728,6792448,16767744,,
9385216,6766080,16773120,,
9367808,6775808,16758528,,
9396224,6795008,16748544,,
9378048,6791680,16754432,,
9450496,6819072,16770304,,
9521152,6849792,29184,,
9555200,6867968,47616,,
9512192,6857728,20992,,
9406208,6781440,16774912,,
9389568,6791168,16757504,,
9352960,6776576,16765184,,
9356544,6780928,16749056,,
9352960,6792448,9472,,
9342208,6797824,16760320,,
9369344,6813952,16751616,,
9356288,6805760,16770304,,
9319424,6797312,16752384,,
9331712,6811392,16775936,,
9335040,6812416,16763648,,
9329664,6806272,16763392,,
9346560,6836736,16765696,,
9359616,6827008,16763392,,
9353472,6819328,16765696,,
9359104,6830848,16765696,,
9441280,6861056,42752,,
9776128,7096832,153856,,
9384704,6849792,16756736,,
9378048,6826496,16750080,,
9390080,6851072,16754432,,
9398528,6867456,16753920,,
9419008,6885376,16769024,,
9427968,6897408,16771840,,
9510656,6927360,24832,,
9568000,6978304,58368,,
9541888,6993408,37632,,
9435392,6910720,16771584,,
9330944,6876416,16756480,,
9356288,6873856,16764160,,
9351680,6871040,16763136,,
9373952,6877696,16764672,,
9386752,6894592,16775680,,
9298176,6874624,16774656,,
9329408,6889216,16772352,,
9357056,6899968,16763392,,
9360896,6898688,16771328,,
9366784,6906880,16768768,,
9379072,6920960,512,,
9373696,6926848,5376,,
9377280,6939392,15104,,
9345280,6906112,13312,,
9374464,6947840,17152,,
9350912,6917376,19968,,
9813504,7184896,177920,,
9473792,6991616,6400,,
9394944,6942208,35072,,
9396224,6946048,30976,,
9411072,6965248,19456,,
9441024,6966528,17408,,
9449984,6967552,31744,,
9518592,6996480,35072,,
9539840,7026176,56576,,
9620480,7085056,69120,,
9573376,7062528,65536,,
9496832,7016192,37376,,
9418752,6979840,38656,,
9409536,6963968,38912,,
9399808,6945280,38400,,
9412608,6962432,18688,,
9443584,6984448,48128,,
9437440,6980608,33536,,
9456640,6978048,47872,,
9472000,6996736,48128,,
9496064,7010560,30720,,
9492224,7004928,20736,,
9487104,7015168,27136,,
9496320,7009024,34304,,
9527040,7034112,46592,,
9530112,7048960,43264,,
9503488,7032832,49408,,
9498368,7027712,46080,,
9515008,7020544,45568,,
9502720,7009536,38656,,
9763584,7159808,183552,,
9597952,7098624,70400,,
9547264,7068672,88832,,
9528064,7035648,76032,,
9540352,7067648,72192,,
9549568,7067392,61184,,
9553664,7075328,59392,,
9565184,7070464,76544,,
9610496,7105536,96256,,
9673216,7154432,100352,,
9660416,7147776,109568,,
9596672,7100672,74240,,
9522688,7078400,43520,,
9514752,7097088,55552,,
9529344,7088384,45824,,
9536768,7078656,44800,,
9546240,7084544,50944,,
9543936,7090432,65536,,
9545216,7076096,51456,,
9573120,7077376,60160,,
9570816,7078912,70400,,
9565440,7071744,74496,,
9585152,7074304,73216,,
9564416,7047680,72960,,
9558272,7052800,62464,,
9567744,7069184,84992,,
9586432,7088384,84224,,
9578240,7062272,74752,,
9569792,7080448,84480,,
9566464,7075840,89600,,
9612800,7074048,125440,,
9950720,7300096,209920,,
9566208,7094528,87808,,
9587712,7097600,96768,,
9565184,7087616,80384,,
9560320,7072512,101888,,
9549312,7079424,79104,,
9601536,7091712,98048,,
9654528,7121408,136192,,
9718528,7174912,142848,,
9789696,7222016,151296,,
9684992,7174656,117248,,
9616128,7110656,101376,,
9581056,7097856,103680,,
9573632,7099392,102912,,
9582592,7098624,117760,,
9584896,7098368,121856,,
9587968,7110912,126464,,
9593600,7100928,122880,,
9588736,7112704,114176,,
9584896,7128832,111104,,
9583616,7148032,125952,,
9576960,7127296,119808,,
9574144,7114240,125184,,
9602304,7138048,146944,,
9552896,7094784,112384,,
9529600,7118336,94720,,
9564672,7130112,114688,,
9573888,7126528,144128,,
10044160,7403008,293376,,
9576448,7154944,111360,,
9556480,7159808,79872,,
9561344,7129344,92416,,
9569792,7156480,85504,,
9572352,7132928,121600,,
9615616,7173120,112384,,
9642496,7183872,107264,,
9725184,7241216,150016,,
9758208,7274752,164096,,
9622528,7195904,105984,,
9529088,7147520,86272,,
9484032,7133696,87808,,
9501952,7154944,88320,,
9518848,7157248,70144,,
9469952,7125504,83968,,
9509632,7159296,94464,,
9495808,7137536,78592,,
9494272,7145984,94976,,
9479168,7149568,101888,,
9455616,7127808,86016,,
9424128,7130880,100864,,
9479168,7145728,96768,,
9493760,7182848,103168,,
9455104,7156992,95488,,
9457664,7162112,101888,,
9460480,7172608,106752,,
9407232,7172352,93952,,
9783296,7346432,250112,,
9506560,7231488,123904,,
9384704,7153664,123904,,
9399040,7182080,108544,,
9398528,7168512,133120,,
9434112,7216896,132608,,
9451264,7224320,131840,,
9472512,7247616,141568,,
9552384,7291904,158208,,
9572096,7311360,166912,,
9499392,7274496,153088,,
9396480,7211264,112896,,
9347584,7185664,113920,,
9331456,7166464,117760,,
9352704,7179264,128000,,
9340160,7176448,93952,,
9369856,7189760,115712,,
9337088,7199488,94464,,
9322496,7164672,108288,,
9336832,7153408,124416,,
9333760,7175168,107776,,
9361664,7170304,113664,,
9348352,7165184,108032,,
9362688,7197696,133120,,
9408256,7217920,130304,,
9358592,7186944,125184,,
9356800,7184128,127488,,
9369088,7183872,132608,,
9352704,7164928,141312,,
9893632,7503360,315904,,
9398016,7221248,146432,,
9381376,7184896,125696,,
9369344,7188480,134656,,
9380608,7223296,127744,,
9427456,7250432,137216,,
9444608,7255808,147200,,
9463552,7281920,162048,,
9520896,7310848,195584,,
9581568,7326720,172800,,
9484032,7293184,154112,,
9366272,7215104,141312,,
9367040,7212288,126976,,
9374208,7214848,115968,,
9391104,7232256,134656,,
9370112,7215872,123136,,
9365760,7211008,120064,,
9366272,7221760,120064,,
9349120,7220736,120576,,
9355008,7223040,144640,,
9341952,7228672,139008,,
9308160,7230208,118272,,
9299712,7216128,145408,,
9302272,7224064,142592,,
9327104,7252480,157184,,
9258752,7214080,135168,,
9285376,7224064,143360,,
9260800,7221760,147712,,
9251328,7223808,153344,,
9747200,7538944,310272,,
9291008,7277824,161024,,
9245696,7260416,152320,,
9231360,7266816,157696,,
9277440,7295232,142592,,
9271808,7290880,166656,,
9277184,7303680,184832,,
9311744,7331840,173312,,
9369088,7375360,195840,,
9390592,7387136,211968,,
9307136,7306240,177920,,
9207552,7277824,166656,,
9207296,7281920,151296,,
9175552,7271424,155904,,
9190912,7269888,149248,,
9196288,7280896,153600,,
9200384,7278592,151808,,
9224704,7280896,156160,,
9216000,7290880,156928,,
9236480,7272448,160512,,
9222656,7284736,157184,,
9230336,7299584,169472,,
9216512,7303936,175360,,
9239040,7290880,163328,,
9223168,7296768,163328,,
9196800,7273216,150528,,
9228288,7308032,140288,,
9206784,7277312,163072,,
9671168,7551488,350976,,
9346304,7362304,161792,,
9260032,7322112,157696,,
9262336,7326464,138240,,
9297408,7349504,138240,,
9299200,7342080,145408,,
9306112,7361536,162816,,
9327360,7396864,159744,,
9427456,7440640,196096,,
9433088,7461120,188160,,
9364992,7437824,170496,,
9247232,7355136,140800,,
9239552,7361280,131072,,
9211392,7350016,132864,,
9209856,7362816,116992,,
9220352,7371264,124672,,
9239040,7372800,118016,,
9223680,7395840,116224,,
9276160,7407360,128512,,
9245952,7407616,125440,,
9231616,7385600,69632,,
9231104,7381504,123648,,
9204992,7385856,119808,,
9246720,7411712,148480,,
9223424,7405568,127232,,
9217792,7399936,115456,,
9240064,7421696,120832,,
9213440,7420928,131072,,
9405184,7511552,221696,,
9356544,7533312,211968,,
9191680,7470080,136960,,
9231616,7435264,144640,,
9221888,7422464,147968,,
9224192,7421440,173568,,
9261056,7443712,172800,,
9296128,7441920,178432,,
9332224,7476736,203520,,
9409280,7531008,223744,,
9416960,7510528,209408,,
9260288,7453696,187392,,
9235200,7412480,177664,,
9232896,7405824,176384,,
9259264,7430400,171008,,
9269504,7421440,190208,,
9280000,7426816,172800,,
9275392,7441152,149760,,
9289216,7433984,160256,,
9296128,7462912,164352,,
9304832,7451648,158464,,
9300736,7443712,168192,,
9298944,7444224,166656,,
9291520,7440128,147200,,
9259008,7450880,142848,,
9263616,7453184,177408,,
9229312,7446272,190464,,
9186304,7431424,167168,,
9210368,7436288,170240,,
9185792,7419392,152064,,
9367040,7534592,259328,,
9259776,7522304,223488,,
9167104,7460608,195328,,
9125120,7446528,224256,,
9152512,7444736,223232,,
9174528,7460864,237824,,
9196544,7465984,262144,,
9210880,7445760,258816,,
9304576,7492096,260608,,
9373696,7526400,279040,,
9370112,7521536,249600,,
9251072,7441408,249344,,
9160448,7421696,233728,,
9165824,7429376,208128,,
9180672,7434752,205056,,
9201920,7411968,218368,,
9170688,7414528,202496,,
9170432,7340800,171008,,
9224192,7420928,189696,,
9201920,7414016,169984,,
9218304,7418880,161536,,
9221888,7427072,179200,,
9274368,7452928,175360,,
9270272,7413504,182272,,
9287680,7432448,201728,,
9300480,7439872,216832,,
9302784,7444224,223232,,
9291264,7436288,220672,,
9292800,7435264,206848,,
9260288,7439360,218624,,
9472512,7538176,306688,,
9382144,7547904,256256,,
9243392,7497472,297216,,
9267712,7571456,364800,,
9420800,7577600,345344,,
9493248,7554560,330496,,
9522176,7537152,295680,,
9529344,7511552,276992,,
9560576,7527424,290048,,
9580032,7544064,289792,,
9590272,7557120,273408,,
9438976,7455744,222208,,
9380352,7446016,192768,,
9371904,7425792,194048,,
9340672,7397376,189440,,
9332992,7410688,162816,,
9317120,7408128,178176,,
9331200,7418880,158976,,
9274880,7369984,190976,,
9253120,7379968,175616,,
9288192,7394304,164864,,
9256704,7393024,169472,,
9250048,7405312,182784,,
9206272,7388416,142848,,
9245184,7410432,168192,,
9231104,7401216,149248,,
9234688,7429632,156160,,
9187584,7365632,153088,,
9166336,7345408,157440,,
9497088,7519232,298240,,
9273600,7417088,131072,,
9196800,7349504,142592,,
9174016,7346688,118016,,
9150464,7332608,119296,,
9211136,7371520,116736,,
9174272,7357952,139520,,
9192448,7377152,145408,,
9276160,7409152,157184,,
9331968,7452672,164864,,
9292800,7422720,153600,,
9159168,7343360,115456,,
9126912,7321088,103936,,
9123328,7334400,119552,,
9127680,7320576,104704,,
9117184,7308544,92672,,
9122048,7318016,104192,,
9087232,7283968,91904,,
9115136,7291648,95488,,
9111552,7290368,113408,,
9125376,7305216,114688,,
9107456,7302144,110848,,
9133568,7337728,118016,,
9118464,7333120,98816,,
9105664,7322112,88064,,
9132544,7318784,103424,,
9144320,7321856,100608,,
9237248,7379712,165376,,
9347328,7464192,206336,,
9168896,7350016,91392,,
9156864,7351040,94208,,
9134336,7326208,110080,,
9111040,7324160,103168,,
9156352,7352320,99584,,
9161728,7372800,131584,,
9199104,7385856,136960,,
9288448,7455232,155648,,
9299712,7459584,158464,,
9212928,7378432,137216,,
9144832,7329280,105472,,
9157376,7324160,81408,,
9157632,7307776,88320,,
9171456,7326976,74240,,
9205504,7339520,69632,,
9212928,7326976,58624,,
9204224,7337472,70912,,
9178880,7334400,64512,,
9202176,7336960,60672,,
9214720,7327744,52224,,
9229312,7331072,62720,,
9260544,7336192,45824,,
9292800,7352576,48128,,
9264384,7333888,39424,,
9250048,7329024,40448,,
9251328,7337472,61184,,
9377024,7391488,111360,,
9490432,7465728,176128,,
9303040,7360768,85248,,
9312256,7372288,79872,,
9310720,7364096,76288,,
9270272,7356672,76800,,
9282560,7375104,96000,,
9299200,7378944,87552,,
9370624,7422208,114432,,
9444608,7465984,122368,,
9460224,7465984,125184,,
9361664,7426048,91904,,
9289472,7385856,85504,,
9279232,7382016,85248,,
9293824,7372032,86016,,
9310720,7388416,46080,,
9316352,7366912,73472,,
9316096,7385344,71936,,
9310208,7390976,75776,,
9325568,7408640,67840,,
9354240,7396864,77824,,
9351680,7409664,82176,,
9349632,7401472,93952,,
9377536,7414272,87296,,
9381376,7431168,91136,,
9364992,7431168,67840,,
9350656,7417344,75776,,
9370624,7415552,70912,,
9340928,7420928,77056,,
9896448,7739904,246272,,
9404672,7470848,74240,,
9420800,7454464,80384,,
9393920,7449088,91136,,
9412864,7458048,86528,,
9413376,7462400,91904,,
9431296,7469312,103936,,
9451264,7475200,114432,,
9508096,7518208,131328,,
9549568,7526656,124672,,
9467392,7502848,114688,,
9366272,7437568,90368,,
9337088,7421696,84224,,
9328896,7410688,80384,,
9366784,7417856,74752,,
9365760,7406848,85504,,
9376768,7406592,99584,,
9373184,7426048,92416,,
9382912,7426816,82688,,
9346304,7416576,89600,,
9331712,7405312,95232,,
9322240,7418624,92160,,
9333760,7428352,106496,,
9389056,7463936,126720,,
9343488,7430656,111872,,
9348352,7453952,107520,,
9336064,7446272,128768,,
9337088,7419136,106496,,
9682944,7638016,254208,,
9413632,7493376,135680,,
9330688,7455744,134144,,
9281024,7436800,127232,,
9285376,7448832,131840,,
9284352,7477504,153600,,
9292800,7454464,156416,,
9352960,7485184,174848,,
9410560,7536128,180992,,
9447424,7553024,211456,,
9390592,7529984,185856,,
9268736,7448064,158464,,
9241088,7449600,129792,,
9299712,7466240,99840,,
9257472,7441152,117248,,
9271296,7451136,129792,,
9299712,7487232,138240,,
9288448,7466240,144384,,
9276416,7471104,121600,,
9305088,7486464,138496,,
9306112,7483392,140288,,
9291520,7481600,153856,,
9315840,7489024,150784,,
9316096,7507456,135168,,
9309440,7489024,130560,,
9339648,7508224,156928,,
9350656,7513088,137216,,
9507328,7616768,230144,,
9368832,7546368,171520,,
9345792,7514368,145152,,
9343232,7522816,135168,,
9326592,7521536,146176,,
9367040,7520512,173824,,
9372416,7529728,154624,,
9392384,7528960,165888,,
9449472,7578368,181248,,
9518080,7628800,207872,,
9494784,7592448,174336,,
9367040,7535872,153856,,
9318144,7527424,148736,,
9319424,7517184,129024,,
9301760,7494400,153344,,
9331968,7524352,148480,,
9351680,7520512,142848,,
9369088,7540480,143616,,
9343488,7545856,159488,,
9358848,7546880,146176,,
9341952,7531776,155904,,
9317376,7539968,165376,,
9381632,7560704,173824,,
9379072,7565824,166656,,
9347840,7552512,161536,,
9353728,7564288,178432,,
9341696,7547648,186624,,
9844480,7849984,346112,,
9380864,7614208,211200,,
9355776,7604992,198400,,
9365504,7594496,189440,,
9334528,7586304,194304,,
9374976,7600640,194048,,
9412608,7624192,212224,,
9450752,7667200,222208,,
9514496,7735040,248832,,
9532416,7714048,260608,,
9398528,7646464,230656,,
9330688,7597056,217344,,
9309952,7600128,203776,,
9325056,7604480,208128,,
9314304,7592960,209152,,
9337344,7606784,209664,,
9368064,7613440,205312,,
9333760,7610368,215040,,
9345536,7623424,229376,,
9344256,7613184,228608,,
9368064,7618816,213504,,
9318912,7598080,235776,,
9374976,7616000,236800,,
9338880,7579904,218880,,
9336832,7620352,222720,,
9338112,7632640,216320,,
9290240,7580928,217856,,
9830144,7908864,399616,,
9398528,7667712,231936,,
9375744,7631360,230912,,
9366528,7628800,230912,,
9372928,7634688,204544,,
9377024,7665152,224256,,
9385472,7644672,230144,,
9435392,7669248,246272,,
9452288,7697920,272384,,
9514752,7719168,272128,,
9404672,7668480,242944,,
9288704,7604480,223232,,
9280000,7590400,217088,,
9250816,7585536,228864,,
9246208,7589120,208128,,
9264896,7590400,203776,,
9268736,7595520,216576,,
9255168,7584768,194560,,
9220352,7570688,206592,,
9224448,7575040,210432,,
9222400,7586560,222208,,
9231616,7577088,207616,,
9248000,7614976,199168,,
9254656,7612160,213248,,
9190400,7583744,214784,,
9194496,7589888,208896,,
9163264,7576832,203264,,
9138176,7545344,204032,,
9546752,7767296,371712,,
9215232,7609344,214272,,
9177856,7578880,217600,,
9200640,7601664,216832,,
9194240,7574528,216576,,
9218816,7598336,211968,,
9232640,7632896,225792,,
9260544,7623936,217344,,
9324288,7662336,256256,,
9392384,7712768,258560,,
9335296,7676416,226304,,
9218304,7608576,214784,,
9195264,7612416,186112,,
9196288,7601408,182528,,
9194496,7604224,179200,,
9194752,7587072,196864,,
9195264,7614720,197632,,
9218816,7634176,197120,,
9209344,7599360,212224,,
9188608,7604224,211712,,
9187072,7600896,212224,,
9169408,7596032,198400,,
9175808,7600384,186880,,
9181440,7609088,196864,,
9223168,7624448,219392,,
9185536,7612416,193024,,
9132800,7598336,210176,,
9155328,7604224,215296,,
9151744,7593984,210432,,
9641216,7887360,404992,,
9210112,7653888,229120,,
9159680,7622656,226304,,
9149696,7614464,234752,,
9169920,7617280,242944,,
9190400,7627008,230400,,
9193472,7623936,223232,,
9241600,7649792,237824,,
9312000,7699968,280320,,
9330432,7699456,252416,,
9207040,7649792,240384,,
9188864,7603200,224000,,
9137664,7562752,201216,,
9149440,7584768,208128,,
9126144,7593472,216320,,
9158144,7603200,226304,,
9157376,7588864,190464,,
9134080,7588864,202752,,
9158912,7576320,193024,,
9152768,7561984,193280,,
9160448,7592448,188416,,
9147904,7599360,209664,,
9175040,7612672,205312,,
9118720,7595264,192512,,
9104128,7582464,188672,,
9123072,7579392,208640,,
9071616,7553024,204800,,
9513472,7789824,366336,,
9186560,7658240,202240,,
9092608,7595776,203264,,
9094400,7618048,205312,,
9111296,7591680,221952,,
9091072,7582208,205824,,
9100288,7595264,232192,,
9133824,7609600,217856,,
9235200,7659264,247040,,
9275136,7706368,252928,,
9172992,7662336,244224,,
9054720,7601152,210688,,
9024000,7591424,218624,,
9035520,7582720,212736,,
9012224,7594496,207616,,
9012736,7585280,202752,,
8968960,7600640,214016,,
8966400,7587072,220160,,
8999424,7610624,212992,,
8985344,7606784,215040,,
8998656,7613696,235776,,
9005056,7621888,218112,,
9044992,7626752,263680,,
9031424,7638784,241152,,
9010176,7634432,236288,,
8988416,7611136,229632,,
8972544,7586048,226048,,
9478656,7906048,426240,,
9104640,7700736,256256,,
9031168,7654144,268800,,
9017344,7672576,275456,,
9002752,7648768,268032,,
9058816,7649024,247040,,
9092864,7673856,272640,,
9102080,7688960,288256,,
9194240,7741696,311552,,
9250304,7764736,313856,,
9149184,7717120,264960,,
9069312,7698944,285440,,
9043712,7681792,272640,,
9040640,7687680,286208,,
9039872,7686400,277504,,
9067008,7694848,261120,,
9097728,7684608,265472,,
9096192,7693824,267776,,
9093376,7693312,262144,,
9085952,7691776,276736,,
9085440,7677696,293888,,
9088768,7703296,296960,,
9073920,7666176,259840,,
9102336,7685376,278784,,
9078272,7663360,280320,,
9241856,7745792,382464,,
9170944,7745792,323072,,
9060608,7668224,302080,,
9067520,7661824,290816,,
9027328,7646720,298752,,
9062656,7702528,336128,,
9017856,7646208,327424,,
9051392,7678720,329216,,
9081344,7704576,351232,,
9165312,7732992,352000,,
9149696,7738880,328704,,
9019648,7648000,293632,,
9004544,7618560,270592,,
8992512,7604736,273408,,
8978176,7609856,267264,,
8977664,7592960,261120,,
8999680,7609600,267008,,
9014272,7640576,257280,,
9017600,7631104,251904,,
9070592,7684608,256768,,
9056000,7647744,288512,,
9062912,7662080,273408,,
9009920,7616512,263936,,
8985344,7601664,259584,,
9387008,7836416,447488,,
9029120,7688704,262400,,
8956416,7631360,254464,,
8914176,7604992,220416,,
8939264,7609600,238592,,
8958464,7620096,219136,,
8990976,7620864,231680,,
9032448,7653376,274432,,
9083392,7686144,269824,,
9149696,7723520,297216,,
9073152,7681792,247040,,
8946176,7595008,245248,,
8922112,7575296,237056,,
8883456,7557120,241408,,
8894464,7569920,236544,,
8862208,7574528,271616,,
8854784,7576576,258048,,
8845824,7571712,271616,,
8894720,7606784,276992,,
8909824,7608064,247552,,
8933120,7619584,240384,,
8972032,7626240,153344,,
8955136,7634432,245760,,
9399296,7886592,377088,,
9064704,7725824,264192,,
8947968,7663616,41728,,
8939264,7604992,262144,,
8904960,7664640,242432,,
8921600,7683328,238592,,
8973312,7700992,291072,,
8998400,7745536,208896,,
9100544,7736320,340736,,
9205504,7865856,370688,,
9058304,7798528,292096,,
8918784,7714048,326144,,
8828416,7678976,282112,,
8901888,7709184,330752,,
8998912,7726080,275200,,
9090560,7722240,299520,,
9068544,7723264,289536,,
8992512,7687680,283648,,
9063424,7763200,289280,,
9054208,7747328,263680,,
9012480,7740928,278528,,
8897792,7719936,215808,,
8907008,7706112,346624,,
9435392,8021760,450304,,
8927744,7739904,318208,,
8948992,7740672,212480,,
8994304,7734784,324096,,
8963072,7737600,218624,,
8976896,7737344,328960,,
9027584,7759616,308736,,
9099008,7771136,278784,,
9192192,7832832,361984,,
9185536,7838208,275712,,
9048064,7765760,303104,,
9034240,7735808,254464,,
9014784,7733248,274176,,
9023232,7710464,298752,,
8990720,7715840,181504,,
8820992,7707392,346368,,
8851968,7708416,219136,,
8963584,7736320,307968,,
8998400,7731456,200448,,
9029120,7727872,293120,,
9017088,7716608,206336,,
9032192,7704064,300288,,
9539072,8007680,366848,,
9059584,7720192,272640,,
9011968,7695872,277248,,
8907520,7700480,251904,,
8848384,7686656,346368,,
8806912,7687936,294912,,
8789504,7714048,401152,,
8854784,7736320,225024,,
8949248,7793152,367104,,
8962816,7814912,222464,,
8869120,7700992,339968,,
8816640,7683072,216576,,
8870656,7672064,307456,,
8876800,7676672,320000,,
8846592,7657472,277248,,
8847872,7651840,279808,,
8798464,7657472,292096,,
8787456,7677184,335872,,
8742656,7689216,229120,,
8785152,7688704,330240,,
8769536,7711744,331776,,
8830976,7734784,380416,,
8941824,7832832,448768,,
8743680,7740928,277248,,
8728320,7699712,344320,,
8764160,7711488,320512,,
8791552,7697408,340736,,
8834816,7705088,385536,,
8829952,7711232,240128,,
8975104,7766528,423168,,
9097472,7798528,361984,,
9087488,7782400,361728,,
8973824,7708160,289280,,
8949248,7669248,348672,,
8919552,7654912,299008,,
8942080,7669504,320512,,
8979456,7672320,313600,,
8979200,7660800,210944,,
9001216,7651328,369152,,
8937216,7633152,309760,,
9003776,7625216,375040,,
9068288,7621632,283136,,
9204480,7646464,330752,,
9665792,7849728,460544,,
9445888,7724288,313088,,
9455616,7681024,310784,,
9443840,7687936,288000,,
9456384,7676672,321792,,
9466368,7689216,283904,,
9486592,7710976,327936,,
9528832,7726336,292608,,
9587200,7746816,361728,,
9645056,7770112,379904,,
9527040,7702784,340992,,
9410048,7612160,370688,,
9472256,7614720,268544,,
9492736,7619072,313600,,
9489152,7620864,257792,,
9486592,7629568,298496,,
9543168,7661312,312320,,
9516288,7640064,320512,,
9535488,7666432,343552,,
9492224,7660288,275200,,
9555712,7651328,331776,,
9517056,7641088,185600,,
9848064,7768832,439040,,
9635072,7682304,294400,,
9648128,7685120,285696,,
9615872,7661824,286720,,
9624832,7665152,291072,,
9683712,7660800,325120,,
9692928,7650304,204544,,
9772288,7683840,342784,,
9884672,7723264,305920,,
9883904,7712000,322560,,
9836544,7689472,247808,,
9786112,7601408,321792,,
9779456,7563520,318720,,
9784320,7573504,219904,,
9831424,7631616,271616,,
9820928,7610880,93440,,
9844224,7602944,232960,,
9854464,7581952,305664,,
9883392,7599616,328704,,
9853184,7589120,306944,,
9806336,7586560,156672,,
9856256,7600128,262912,,
9855488,7561728,268032,,
10391040,7851776,442624,,
10000384,7632896,253696,,
9969408,7610112,260608,,
9987328,7614464,202240,,
10029056,7616000,176896,,
10081024,7607296,232448,,
10143232,7646720,239360,,
10188800,7658240,253952,,
10309632,7708160,243712,,
10283008,7687168,103680,,
10180864,7624960,181504,,
10189312,7582720,70656,,
10225152,7584000,132352,,
10262784,7615488,77824,,
10291712,7607296,106240,,
10294016,7617536,14592,,
10315264,7618560,94464,,
10349312,7616512,16711424,,
10337536,7592960,59904,,
10362880,7618048,105216,,
10388992,7617280,40448,,
10357504,7583232,35328,,
10929152,7921408,262400,,
10490368,7669248,71680,,
10446080,7615232,71936,,
10449920,7618304,84480,,
10489088,7618048,53760,,
10528000,7637504,46080,,
10596096,7657984,37120,,
10703872,7712768,34048,,
10761472,7739648,46848,,
10768640,7720960,60928,,
10706432,7670784,28416,,
10631680,7623168,16737792,,
10641920,7659264,768,,
10610176,7639040,16774656,,
10641152,7672064,16768512,,
10623744,7672320,16774656,,
10502912,7635712,24832,,
10220544,7647488,136704,,
10208768,7638016,87040,,
10511104,7656448,11264,,
10671616,7671296,16732928,,
10713088,7640064,16751872,,
11230208,7928832,148480,,
10832128,7708672,16728576,,
10845440,7687168,16674048,,
10886144,7695872,16715264,,
10903552,7710976,16718592,,
10949632,7731968,16730368,,
11000832,7749376,16750336,,
11112704,7809280,2304,,
11136512,7823104,16773888,,
11012608,7755776,16740096,,
10980608,7729408,16702464,,
10973184,7708160,16712448,,
10965760,7704832,16680704,,
10991360,7746816,16686592,,
11021312,7758336,16701952,,
11056384,7797760,16713728,,
11095296,7831296,16687360,,
11061248,7805184,16643584,,
11040512,7807744,16641024,,
11044608,7760384,16641536,,
11448576,7956736,33280,,
11178496,7827712,16676608,,
11142144,7794688,16636160,,
11147520,7785216,16613888,,
11180800,7790336,16639488,,
11233536,7814400,16664576,,
11267328,7835904,16661504,,
11327232,7885312,16680192,,
11383296,7925760,16686592,,
11323136,7881216,16649984,,
11221504,7820544,16605440,,
11197440,7802624,16609024,,
11196160,7808512,16610304,,
11194624,7811328,16597760,,
11239936,7846144,16594432,,
11207680,7828736,16576512,,
11250944,7851008,16593152,,
11245312,7847424,16598528,,
11225344,7844864,16573952,,
11243008,7857664,16578560,,
11362560,7908608,16654848,,
11328256,7924736,16628736,,
11275776,7867904,16600320,,
11274240,7850240,16601600,,
11275264,7870208,16591360,,
11305728,7885312,16597760,,
11308800,7897344,16608512,,
11356928,7922944,16604672,,
11442432,7970304,16638464,,
11374592,7964160,16631296,,
11270912,7886848,16600320,,
11268864,7882496,16589312,,
11279616,7869952,16586496,,
11288576,7896832,16596224,,
11283456,7861504,16588544,,
11254016,7883008,16580096,,
11283456,7873280,16598784,,
11280640,7891968,16616704,,
11259648,7878656,16628480,,
11276800,7898624,16639488,,
11262976,7889664,16614144,,
11625472,8098304,2560,,
11359744,7954176,16635904,,
11307264,7915520,16642560,,
11332864,7895552,16641536,,
11328768,7899392,16639232,,
11366656,7937792,16647168,,
11377920,7932672,16656640,,
11441152,7982848,16658176,,
11479296,8003584,16676864,,
11407360,7948800,16667392,,
11270400,7896064,16633600,,
11266560,7859200,16612352,,
11280896,7879936,16633344,,
11290880,7884544,16609536,,
11277056,7890688,16610048,,
11286272,7883264,16617472,,
11269376,7886336,16635392,,
11289344,7903744,16627456,,
11290880,7894272,16629248,,
11286272,7885056,16610816,,
11277824,7894528,16624640,,
11304192,7885824,16640256,,
11683584,8127488,9984,,
11310848,7914240,16651008,,
11289088,7907840,16632832,,
11279360,7917312,16640000,,
11291392,7933184,16654336,,
11332352,7945216,16659712,,
11366144,7955712,16686592,,
11435776,8002048,16675072,,
11442176,8004864,16689408,,
11300608,7923968,16656128,,
11229696,7884032,16667904,,
11227136,7886848,16662784,,
11215616,7893504,16666112,,
11238656,7885312,16638464,,
11235328,7895552,16640000,,
11254784,7913472,16633344,,
11261184,7915264,16668416,,
11273728,7895808,16658176,,
11294720,7927552,16646400,,
11256832,7931136,16648448,,
11281408,7929088,16639744,,
11243264,7898368,16674560,,
11765248,8211200,53504,,
11333120,7987200,16673536,,
11289344,7938304,16652800,,
11296000,7945984,16670976,,
11319808,7964672,16689408,,
11319296,7959552,16703232,,
11342080,7994368,16740096,,
11421440,8022272,16722432,,
11467776,8056832,16723456,,
11341568,7994112,16704256,,
11264256,7938560,16703744,,
11240448,7927040,16697088,,
11233792,7938560,16694016,,
11237888,7930368,16691200,,
11251968,7927296,16683264,,
11272704,7916544,16695040,,
11254272,7921664,16717824,,
11223296,7919104,16697856,,
11246336,7942912,16697856,,
11237888,7934464,16694272,,
11267840,7915264,16694784,,
11222272,7889152,16697600,,
11687936,8160768,87808,,
11298560,7956736,16691456,,
11258368,7930368,16698880,,
11258624,7924480,16689664,,
11273472,7954176,16717568,,
11308544,7969792,16726016,,
11331072,8011520,16740864,,
11389952,8042496,16743168,,
11405824,8033792,16753920,,
11308800,7979264,16732416,,
11227392,7917824,16697600,,
11203584,7883520,16721152,,
11197696,7878400,16682496,,
11206656,7907328,16694272,,
11196160,7890432,16695808,,
11196160,7888896,16710656,,
11188224,7892480,16713216,,
11203072,7901696,16710400,,
11233792,7903232,16705536,,
11193600,7887104,16719616,,
11194624,7873792,16709888,,
11133184,7855104,16738560,,
11635712,8137984,131840,,
11213056,7930112,16730880,,
11185408,7891968,16727808,,
11177984,7869952,16737792,,
11177984,7899392,16740352,,
11174144,7874816,16729856,,
11211776,7906560,16754944,,
11280128,7967744,16764416,,
11281408,7960832,16768768,,
11160832,7897344,16750336,,
11097856,7839744,16742400,,
11108352,7855360,16741632,,
11115008,7858944,16707584,,
11082752,7842560,16704000,,
11091968,7840768,16720128,,
11070976,7828736,16737280,,
11049216,7822848,16724736,,
11062272,7845376,16724736,,
11045376,7823616,16711936,,
11047936,7831552,16707584,,
11068672,7818752,16703488,,
11048192,7788544,16760320,,
11310080,7975936,59648,,
11075840,7815936,16705024,,
11045120,7812352,16712960,,
11062272,7811584,16733952,,
11045888,7803136,16723456,,
11087616,7807744,16717056,,
11121152,7836928,16724224,,
11160064,7878656,16726272,,
11158016,7875584,16746240,,
11053312,7824128,16740096,,
11018496,7803648,16714752,,
10999296,7800064,16712448,,
11018240,7814144,16702976,,
11011072,7833856,16697600,,
10988288,7824896,16702208,,
10982656,7798272,16700928,,
10956800,7779840,16696064,,
11001088,7825408,16703232,,
10968832,7804672,16701184,,
10941440,7783424,16692224,,
10921984,7798272,16710912,,
11218944,7929088,53504,,
10994176,7842048,16723200,,
10949120,7791104,16723200,,
10963200,7813632,16740352,,
10932224,7789824,16733696,,
10965504,7809280,16750080,,
10991872,7811840,16754176,,
11041024,7855872,16762880,,
11095552,7877632,16753664,,
11044864,7832320,16761600,,
10945536,7770624,16748800,,
10906880,7730944,16728320,,
10920960,7746560,16712192,,
10927616,7738368,16696064,,
10948096,7743488,16730624,,
10953728,7751936,16735488,,
10936064,7733504,16718848,,
10950656,7742976,16738304,,
10970368,7751680,16733440,,
10925568,7740672,16715520,,
10922752,7739392,16733696,,
10927360,7727616,16755712,,
11187200,7891200,91136,,
10933760,7747840,16760320,,
10905600,7736576,16754432,,
10896128,7750656,16759296,,
10933504,7756544,16769792,,
10947328,7748864,11008,,
10976768,7778816,33024,,
11010816,7788288,26368,,
11068160,7797248,13568,,
11003904,7769600,16767744,,
10948096,7720960,16743168,,
10882304,7696128,16732672,,
10884864,7717120,16773632,,
10866432,7706368,16768000,,
10859008,7731456,16719104,,
10867200,7708416,16708096,,
10840064,7698432,16747008,,
10855168,7697920,16770560,,
10809344,7670784,16750848,,
10812928,7693312,16572672,,
10822656,7711744,16610304,,
11107840,7844864,65280,,
10917120,7740928,16720896,,
10877952,7728384,16571648,,
10912000,7706112,16736768,,
10908160,7742976,16729088,,
10941952,7724288,16721408,,
10927872,7726080,16652800,,
10971904,7772672,16610048,,
11073280,7823104,2304,,
10992896,7788544,16658944,,
10885120,7727104,16689920,,
10855936,7694336,16682752,,
10833664,7678464,16682240,,
10813440,7670016,16529920,,
10830336,7690752,16619008,,
10827520,7692288,16680704,,
10824704,7704576,16671488,,
10826752,7687168,16686592,,
10826240,7673344,16674560,,
10768128,7679488,16542720,,
10772736,7671296,16646912,,
10740736,7631616,16688128,,
11265280,7932928,91648,,
10825984,7676416,16711680,,
10826496,7679232,16701440,,
10832896,7686144,16691968,,
10834944,7683840,16698368,,
10887936,7713024,16710400,,
