3728,2457600,
13766400,15821056,2404352,
13811968,15822080,2293760,
13762560,15783680,2339072,
13819648,15874048,2363648,
13754624,15780608,2340608,
13818880,15886592,2386688,
13784064,15783424,2392832,
13817600,15887104,2369024,
13819648,15832320,2314240,
13801728,15856128,2408960,
13837568,15848960,2392064,
13784064,15816448,2315520,
14283520,15912192,2487808,
13821440,15827712,2402560,
13876992,15912448,2402560,
13807872,15847680,2406144,
13811456,16086016,2256640,
13815808,15907840,2321664,
13848064,15956480,2136320,
13920512,15873280,2314496,
13970176,15882496,2456576,
13920256,15840256,2385408,
13827328,15785216,2362368,
13831424,15853824,2196992,
13780224,15772160,2174464,
13841152,15854592,2233856,
13813760,15746048,2342144,
13870592,15834880,2354176,
13833728,15745280,2314496,
13828096,15848448,2352384,
13815040,15801088,2185472,
13828096,15818752,2329600,
13873152,15828992,2341632,
13834752,15797760,2371328,
13881600,15873536,2391552,
13807616,15781888,2319360,
13889792,15902976,2111232,
14087936,15776000,2441728,
13909760,15928320,2435072,
13865984,15796480,2370560,
13864192,15841280,2372608,
13865472,15820800,2250240,
13831424,15824640,2027008,
13912320,15822080,2267904,
13911296,15776256,2399744,
14016768,15868672,2404864,
13925376,15776512,2358784,
13870592,15836672,2110464,
13784832,15742976,2092288,
13865216,15843072,2332928,
13834496,15744512,2340864,
13831680,15819008,2323968,
13828608,15770880,2166784,
13790976,15782656,2043392,
13836288,15767552,2084864,
13833216,15629568,2157568,
13874176,15711488,2194176,
13818624,15640576,2126080,
13842432,15765504,2220288,
13809920,15692544,2247168,
13848064,15958272,2385408,
13768704,15812864,2133248,
13816320,15794944,2317056,
13819904,15641600,2162432,
14211328,15700736,2342912,
13869824,15728896,2195712,
13803776,15654656,2225152,
13858048,15750912,2225152,
13807104,15651328,2161408,
13842944,15751424,2244096,
13835264,15643904,2224384,
13925376,15764736,2272000,
13920512,15694336,2264576,
13878272,15709952,2260224,
13827840,15724288,2206976,
13754624,15673088,2181632,
13803776,15772672,2196224,
13761024,15659264,2200064,
13819648,15773440,2204672,
13757696,15608832,2184704,
13799424,15692800,2176256,
13794816,15619072,2174720,
13796864,15661312,2180608,
13839104,16013568,2401536,
13807360,15722240,2256640,
13790720,15514112,2058752,
13753344,15149568,1808128,
13835264,15070976,1678848,
13753856,14611968,1384704,
13804032,14477824,1188352,
13744384,13996288,844032,
13756416,13779968,578304,
14149888,13662976,568576,
13728512,13301248,120832,
13787648,13371392,55040,
13745408,13116672,16656128,
13777152,13075456,16557056,
13747456,12663296,16228096,
13834496,12979200,16342016,
13835520,12817408,16284928,
13914112,12397312,15948288,
13771008,12342528,15874816,
13797120,12825856,16122368,
13742080,12857344,16227840,
13806080,12663296,16044800,
13753856,12696320,16088832,
13831936,13132800,16280064,
13766144,13124352,16271616,
13826816,13203200,16330496,
13755136,13327360,16526592,
13807872,14038528,249856,
13787392,14053888,357632,
13793024,14211328,494336,
13854720,14406144,703232,
13765376,14351616,744448,
13840640,14711808,1017600,
13773568,14779648,1132288,
13942272,14699776,1089536,
13843456,14555392,962560,
13815808,14520832,927232,
13859072,14675968,1023488,
13791232,14647808,1041920,
13885184,14921728,1160192,
13821184,14870272,1215744,
13933824,15128576,1385728,
13932800,15162112,1468416,
13967104,15254016,1497088,
13865216,15067392,1351936,
13829632,14822144,1112832,
13860096,14738944,1001472,
13831680,14740992,994816,
13907200,15121920,1193728,
13865472,15268864,1367552,
13914368,15654400,1625856,
13903616,15798272,1833728,
14070016,891648,3175936,
14128384,2381312,4404736,
14073088,2591488,4775936,
14113792,2426880,4728576,
14044928,1859328,4459008,
14038528,1521920,4236544,
14040320,1176320,3994880,
13973504,802304,3764480,
14468864,709632,3783424,
14063872,414208,3472384,
14019840,226304,3337984,
14075904,113920,3170304,
14037248,16659968,3063552,
14076416,16608512,3005696,
14085120,16490496,2921728,
14148608,16475648,2907648,
14206720,16561920,2913536,
14167296,16710400,3063296,
14198784,544512,3434496,
14115072,683264,3642624,
14123776,459264,3466240,
14129664,255744,3325696,
14076928,16702464,3102976,
14165760,16671232,3017216,
14112256,16481280,2887168,
14142464,16393472,2756096,
14128384,16294144,2720512,
14130944,16067328,2555904,
14182656,16012800,2492672,
14166784,15825920,2336000,
14206208,15816192,2272256,
14136320,15538944,2049536,
14204672,15569920,2011392,
14134528,14930176,1515776,
14518016,15111680,1678080,
14184448,15125504,1637120,
14235392,15364096,1725440,
14210304,15393024,1760256,
14241536,15518720,1893888,
14283008,15642368,1989120,
14284544,15669504,2049536,
14356736,15794432,2097408,
14354944,15697152,2104832,
14334720,15757568,2099712,
14204928,15610112,1967616,
14294272,15617024,1895168,
14243328,15525888,1858048,
14258176,15595008,1909760,
14267648,15598080,1854208,
14271232,15676416,1934592,
14286080,15743744,2030592,
14272768,15739136,2100736,
14290176,15820544,2082560,
14231296,15779584,2121728,
14314752,15872256,2213632,
14278912,15776256,2169600,
14297600,15853312,2188544,
14247424,15796224,2185728,
14235648,15849728,2225920,
14740224,15907840,2397440,
14231040,15841536,2215168,
14309632,15830272,2178560,
14261760,15769856,2146816,
14324480,15785984,2037760,
14272000,15682304,1674496,
14338816,15852800,1912832,
14354688,15703808,1968896,
14406656,15838208,2033408,
14329856,15817728,2002176,
14278656,15731456,1963520,
14268160,15697664,1962752,
14220032,15722752,1994752,
14242048,15760640,1974016,
14234112,15684096,2043136,
14260224,15737088,2051328,
14211584,15601408,2013184,
14202880,15701248,2110976,
14145792,15641344,1976576,
14214144,15716352,2129664,
14202624,15564032,2092800,
14174208,15614464,1953792,
14201600,15643392,2151680,
14132224,15618048,2118912,
14200320,15588352,1990144,
14370048,15419904,1817856,
14211584,15568384,1900032,
14107136,15391744,1804288,
14159616,15451136,1739264,
14148608,15407104,1569536,
14234368,15526912,1712896,
14236416,15412224,1695744,
14304256,15436544,1783808,
14382336,15504128,1801472,
14372608,15366400,1791488,
14336256,15552768,1799936,
14176768,15415552,1763072,
14313216,15539456,1871616,
14292224,15337728,1904128,
14427136,15384320,1832448,
14433024,15285760,1876992,
14429952,15354112,1779968,
14481152,15282176,1730816,
14456064,15311616,1821952,
14445824,15301120,1792000,
14447104,15294976,1857536,
14517248,15365376,1879552,
14451200,15264256,1800960,
14513664,15380736,1843456,
14674432,15300096,1947648,
14558976,15539968,1981440,
14488320,15411200,1917440,
14521600,15553024,1921792,
14533120,15529472,1961728,
14520832,15521792,2006528,
14558464,15571456,2007808,
14554112,15514368,2012928,
14685952,15594240,2057216,
14612224,15491072,2037504,
14566912,15571968,1958912,
14507520,15454720,1917440,
14537984,15535360,1944576,
14522880,15384832,1865216,
14523648,15376640,1839360,
14500608,15320064,1774848,
14364928,15222272,1696512,
14433536,15315200,1738496,
14427392,15305216,1748480,
14510336,15502080,1790720,
14491392,15432704,1833216,
14583296,15588608,1896704,
14656000,15597056,1895168,
14967552,15787264,2028288,
14688512,15656960,1976832,
14637824,15661312,1940224,
14652416,15617280,1918208,
14650112,15580416,1945856,
14729472,15615488,1954816,
14714112,15463680,1936128,
14809600,15542016,1950208,
14797312,15458304,1901568,
14822656,15539456,1958144,
14712064,15430656,1854208,
14750464,15596288,1859072,
14721024,15469568,1803264,
14742016,15500544,1836032,
14754304,15484672,1827072,
14793984,15482624,1850624,
14792448,15527936,1887488,
14774784,15471616,1876480,
14842368,15548672,1905920,
14792448,15300096,1784832,
14976512,15524864,1881088,
14910464,15369216,1846528,
15068672,15389184,1891584,
14970880,15329280,1837056,
14920192,15323392,1806336,
14950144,15333888,1768192,
14906880,15275520,1735936,
14952192,15331328,1762816,
14935808,15197696,1745920,
15051776,15330304,1831680,
15010304,15266048,1834496,
15051520,15430144,1910016,
14927104,15289856,1818624,
14940928,15419392,1872128,
14928128,15433728,1839872,
14936832,15474432,1849344,
14968576,15488000,1843712,
14935040,15393280,1797888,
14979840,15421696,1745152,
14964224,15286784,1718272,
15022336,15376640,1708800,
14988800,15259392,1644288,
15034112,15375616,1701632,
15000064,15252224,1605888,
15451392,15334912,1818880,
15076096,15240448,1686016,
15041536,15235072,1653504,
15075840,15275264,1661696,
15077120,15246592,1660928,
15124224,15347456,1662976,
15093504,15206912,1621248,
15196928,15336960,1689600,
15218688,15238656,1666048,
15184128,15355136,1704448,
15105792,15223552,1624832,
15102208,15262208,1586688,
15119616,15234560,1655040,
15100160,15240960,1659136,
15156992,15372544,1752320,
15099648,15318272,1689600,
15147776,15465728,1761792,
15115776,15337984,1649920,
15167744,15503360,1793280,
15077632,15329536,1714944,
15111936,15427840,1701376,
15073280,15300352,1595392,
15630592,15406848,1810944,
15124992,15306240,1587200,
15076608,15261184,1585152,
15125248,15352576,1614336,
15100416,15289600,1593856,
15140608,15407616,1657088,
15125504,15279872,1630208,
15249152,15422464,1731328,
15185152,15291648,1654272,
15161600,15455744,1672448,
15079680,15378176,1608448,
15074048,15428864,1643264,
15072256,15431936,1606912,
15033600,15382528,1604864,
15084800,15464704,1649152,
15046144,15373824,1618688,
15096832,15497472,1631488,
15079936,15352576,1605376,
15093248,15435520,1705472,
15036160,15217408,1670400,
15018496,15290368,1677312,
15360256,15222784,1738240,
15072512,15506688,1758976,
15029248,15550464,1641472,
15013888,15379200,1567232,
15059968,15280640,1531648,
15017984,15108864,1478656,
15077888,15239424,1501184,
15063040,15131136,1476864,
15131136,15328768,1574400,
15073280,15245824,1495808,
15023360,15297024,1511680,
14982144,15239424,1474816,
15003904,15254784,1516800,
15016192,15283968,1526784,
14962432,15204608,1477632,
15008000,15292416,1472768,
14953472,15220992,1480192,
15009024,15410944,1576704,
14938368,15293952,1508864,
14940928,15425280,1536768,
14906624,15395584,1562368,
15086336,15460352,1660416,
14949120,15465984,1638656,
14857472,15424512,1552384,
14881280,15453696,1565696,
14852608,15363584,1532672,
14878208,15441664,1546240,
14867712,15288064,1473536,
14986240,15470336,1554688,
14960384,15340544,1469952,
14962688,15438592,1467392,
14867200,15301376,1368064,
14865152,15344128,1405696,
14879232,15359488,1437696,
14884608,15399936,1443584,
14906624,15548160,1499392,
14880000,15459840,1478400,
14968320,15507200,1512192,
14902784,15390976,1452288,
14929664,15499008,1434624,
14873856,15346432,1402112,
14922240,15446528,1424640,
14907648,15350016,1366272,
15354624,15495680,1541376,
14934784,15500288,1506560,
14900224,15403008,1470464,
14935552,15369472,1329408,
14891776,15251200,1203712,
14994688,15286272,1284096,
14974208,15182336,1265408,
15065344,15398400,1355008,
15049728,15326976,1300736,
15009536,15413760,1335808,
14937088,15287808,1261568,
14933248,15333376,1265408,
14964736,15368448,1275648,
14926592,15331584,1321216,
14974720,15435008,1351424,
14945280,15333632,1337088,
14974208,15433472,1337344,
14923008,15299328,1338880,
14963968,15410176,1391104,
14928640,15307520,1331456,
14922496,15403520,1381376,
14902272,15321856,1332992,
15434496,15448832,1612544,
14976000,15473920,1454080,
14951680,15391744,1428736,
14974976,15448576,1427968,
14944512,15368960,1433856,
14992640,15404032,1351424,
14985216,15265792,1355264,
15093248,15418880,1449728,
15065856,15301632,1406208,
15002624,15389696,1410304,
14949376,15275776,1387776,
14945280,15298560,1408768,
14976512,15303680,1386240,
14948352,15329792,1416448,
14971648,15442944,1410048,
14942464,15348480,1398528,
14954752,15388416,1395968,
14917888,15274240,1327360,
14969600,15415552,1384960,
14930432,15337216,1356800,
14942976,15410176,1369856,
14909696,15397888,1318144,
153333716,
15030528,15314688,1144064,
14938112,15329024,1086208,
1494630134080,
15059712,15289856,1107200,
15063552,15383040,1154816,
15030528,15314688,1144064,
14938112,15329024,1086208,
14946304,15332096,1093376,
14903296,15305216,1092864,
14941440,15364096,1072128,
14910720,15272960,1071104,
14954496,15394304,1110272,
14907136,15275264,1077504,
14965760,15392256,1154816,
14878720,15292928,1037056,
14936832,15371008,1112064,
14872320,15283456,1062400,
15243008,15376384,1206528,
14959616,15441664,1100544,
14896896,15261184,1089280,
14934272,15344896,1107968,
14896896,15258368,1075200,
14940928,15379968,1121280,
14914816,15225600,1076224,
15006208,15284480,1113088,
14973440,15208448,1085184,
14917888,15257600,1036288,
14885120,15160064,1005824,
14830336,15161600,984832,
14838784,15245824,1010688,
14795264,15171584,979200,
14857984,15303424,1060608,
14816000,15161088,985600,
14801152,15267584,1007104,
14821120,15751424,1351168,
14795008,16111872,1669376,
14798592,16009984,1571584,
14890240,15688704,1453568,
14844672,15816960,1404928,
14778368,15555072,1313792,
14885120,15671040,1378304,
14758912,15417344,1201152,
14940160,15516160,1341952,
14879488,15372288,1291008,
14856704,15343360,1324032,
14921984,15391744,1404672,
14910720,15313920,1349120,
14916352,15470592,1397504,
14823424,15338240,1342976,
14907904,15526656,1429504,
14808064,15299584,1364480,
14894592,15442688,1413632,
14822400,15241984,1365760,
14895104,15344128,1394688,
14816000,15154176,1285888,
14822656,15100416,1258752,
14801152,15201280,1281536,
14812672,15141888,1318144,
15024384,15323392,1433600,
14753024,15023104,1196288,
14763776,15089920,1259008,
14697984,14885888,1126400,
14726656,15026944,1153024,
14659584,14822400,1083392,
14705664,14968064,1117184,
14665216,14834944,1048576,
14644224,14691072,962048,
14599168,14716672,920576,
14491136,14533376,814336,
14546432,14635520,789504,
14494464,14585088,796672,
14464512,14555648,767744,
14527488,14561536,784384,
14486016,14396928,689152,
14520064,14631424,794368,
14464512,14502656,722688,
14485760,14597888,760832,
14569984,14676736,851712,
14615296,14604800,837376,
14550528,14797312,884736,
14479104,14594816,828672,
14495744,14654464,825600,
14516992,14734592,868608,
14503680,14599168,834816,
14590720,14826240,937984,
14551808,14656256,902400,
14577408,14713088,916480,
14556672,14736640,932352,
14488576,14486016,784640,
14571264,14707712,892928,
14530816,14621440,860160,
14535424,14890240,997120,
14586112,14846976,989696,
14583040,14697472,879104,
14620416,14829056,935168,
14561792,14578176,838656,
14596096,14599168,831744,
14599424,14670592,852480,
14931200,14617344,966912,
14670080,14841088,973568,
14593536,14682112,894976,
14652416,14789632,954368,
14677504,14864640,1039104,
14648576,14732288,993280,
14746112,14970368,1121536,
14735104,14821888,1106432,
14809600,15075328,1233664,
14709760,14913280,1150208,
14712320,15075840,1217536,
14682112,14982912,1206272,
14671616,14988544,1204736,
14709248,15058432,1300480,
14664960,14934272,1256960,
14743808,15130112,1388032,
14659584,14892032,1213696,
14698240,15049216,1308672,
14591488,14779904,1186816,
14610944,14834432,1195264,
14969088,14647808,1262592,
14607872,14744832,1157632,
14576128,14677760,1095680,
14552320,14683136,1062656,
14540288,14739200,1096192,
14537728,14622464,1045248,
14572800,14826752,1157376,
14533376,14580736,1098496,
14595840,14832896,1218048,
14459136,14555392,1049344,
14457088,14727424,1115136,
14359552,14568704,912128,
14379008,14685184,958464,
14364672,14754816,1006336,
14305024,14537472,906240,
14365440,14676992,1014528,
14266880,14402048,898048,
14294016,14572544,931072,
14240256,14528512,908800,
14188032,14355968,831232,
14675456,14613760,1083648,
14221056,14424064,891392,
14267392,14602240,966400,
14219520,14443520,930048,
14208512,14441472,896768,
14239232,14499072,945664,
14217984,14273280,836096,
14341376,14466304,904448,
14298624,14248448,835072,
14274816,14212864,777472,
14229504,14214400,748544,
14161152,13966848,611584,
14246144,14157312,681472,
14209280,13939712,569856,
14210048,13943040,557568,
14233088,13998592,588032,
14207232,13821184,529152,
14230016,14015232,576256,
14157568,13865216,500224,
14173696,13924864,546048,
14274816,13970176,608256,
14340096,13825280,583424,
14205184,14019840,605952,
14124800,13815808,528640,
14170112,13903360,544512,
14179328,13962240,604160,
14140160,13787648,495360,
14224384,14014976,606720,
14221824,13858560,547584,
14235392,13841152,556544,
14192640,13902336,507136,
14083328,13648640,405504,
14125824,13819136,450304,
14071296,13645056,364288,
14080000,13625856,348160,
14099456,13761024,420096,
14046976,13626880,400384,
14141440,13866496,535040,
14080512,13800960,526080,
14077184,13899776,545536,
14081024,13984256,613888,
14013184,13749504,512256,
14506752,14023680,758528,
14082048,13821696,554496,
14095104,13988608,599808,
14090752,13819648,503808,
14036480,13643520,422656,
14123776,13724928,492544,
14101760,13670144,499712,
14182144,13812480,513792,
14199552,13913088,633856,
14131712,13789952,610048,
14131200,13935872,669440,
14043904,13741568,572416,
14065408,13853696,580608,
14059520,13782016,522496,
14014976,13587968,403712,
14084608,13745408,464640,
14008576,12863488,106752,
14039040,12635904,490496,
14048768,12278016,556800,
13959424,12696832,399616,
14026752,12834560,614912,
13968128,12589056,840960,
14071552,12738816,554752,
14264064,13151488,444160,
13963776,12474624,105984,
14015488,12823296,113920,
13944832,12109824,66816,
13990912,12119296,16766464,
13963776,12282368,16654080,
14009600,12273408,16483584,
14044160,12001536,16457728,
14033408,12102400,16487424,
13952512,12269056,16309760,
13934848,12398592,16179968,
13916672,12554496,16243456,
13939968,12672512,16238080,
13932288,12682496,16135168,
13938944,12800512,16252416,
13929984,12731904,16447744,
13944832,12879872,16715008,
13921536,13674496,232704,
13923328,12885760,153600,
13972224,12769280,70912,
13916416,12634368,16571392,
13959424,11930368,16152064,
13916672,12115968,16061440,
13978112,12589056,16090880,
14261760,12585216,16314880,
14052096,13067520,16456960,
13939968,13073152,16368128,
14020608,13348096,16481792,
13968384,13303552,16465408,
14041088,13442304,16628480,
14009088,13265408,16629248,
14112000,13479424,53248,
14069760,13434624,118272,
14053632,13595392,168192,
14023424,13709824,262656,
13985280,13747968,321792,
14059008,13922048,424192,
13989888,13793024,372992,
14029312,13912064,380672,
14068224,13926912,384256,
13982208,13733632,303616,
14051328,13879808,342272,
14001408,13711872,317440,
14024704,13746176,344064,
14062080,13861888,396288,
14003712,13735680,344832,
14074880,13950464,440064,
14028800,13864960,434944,
14051072,13921792,444928,
14041856,13996032,494336,
14010880,13823488,412672,
14530816,14099456,728576,
14034944,13940736,563968,
14060288,14004480,577280,
14074624,14058240,633600,
14037248,13904384,586752,
14108160,14105088,634112,
14082048,13912064,603904,
14141952,13956352,598784,
14174464,13997312,641536,
14102784,13755392,501248,
14106112,13928704,530688,
14011136,13778944,464128,
14076416,13843200,448512,
14054912,13757696,381696,
14038272,13670144,343552,
14077696,13741568,387328,
14031616,13684736,334848,
14080000,13787136,393984,
14064640,13891584,455424,
14036224,13622272,172032,
14099456,13891072,288000,
14033664,13878016,375552,
14089472,14017280,510464,
14088192,13897216,568320,
14027776,13717248,551680,
14096640,14034944,551168,
14001664,13807616,525824,
14427392,14017280,666880,
14141952,14029568,577536,
14063616,13588224,358144,
14127104,13880064,404480,
14091008,13522688,468992,
14128128,13703680,578048,
14162432,13926144,604416,
14182400,13835008,544000,
14273280,14137344,662528,
14190336,14028800,645120,
14180864,14161152,658176,
14125568,14114560,662016,
14097152,14019840,616192,
14179840,14207232,719104,
14102528,14032128,670720,
14175744,14050048,634112,
14168064,13834752,518912,
14131456,13738240,528896,
14180608,14092544,687616,
14122240,14033152,581632,
14190080,14142720,678912,
14152448,13616128,841728,
14180608,13326080,840704,
14207744,13565952,767488,
14140672,13916160,519424,
14190848,14055168,662016,
14229760,14135040,713984,
14502656,14137344,830720,
14242816,14211328,915200,
14176000,14056960,835840,
14233600,14123264,897536,
14190848,14221056,863744,
14204672,14214656,833536,
14287360,14367744,905728,
14267648,14174976,839936,
14358016,14343168,901376,
14279168,14232576,809472,
14229760,14182912,746496,
14253568,14294272,866816,
14187264,14159360,851456,
14241536,14349312,928256,
14236416,14270464,859904,
14198784,14092800,776704,
14275072,14257152,822784,
14196480,14091008,780032,
14228992,14269184,810240,
14229760,14255616,823296,
14206976,14243584,804864,
14270976,14426624,884992,
14183168,14225920,809984,
14238208,14379264,892416,
14220288,14350848,870912,
14315776,14328832,841216,
14382336,14517504,957184,
14203392,14256896,845312,
14257920,14246400,805120,
14229760,13982208,643072,
14215680,13820160,512768,
14284032,13948160,500480,
14246144,13882880,521216,
14359040,14075136,695040,
14345216,14116864,790016,
14286336,14158336,727040,
14275840,14370048,772608,
14224896,14216448,696576,
14277632,14381568,755712,
14259712,14297600,762880,
14271232,14192128,723968,
14295296,14350848,764928,
14228224,14181632,689664,
14308352,14329088,762112,
14282496,14264832,800256,
14262272,14288128,787456,
14302976,14408448,868864,
14226432,14294016,826112,
14299392,14478592,881664,
14230784,14379520,860928,
14601728,14439680,954112,
14355712,14533632,943616,
14240256,14339328,868864,
14279936,14795008,1089792,
14252288,14694400,1038080,
14286336,14670080,1054464,
14299648,14642688,1066240,
14320128,14587392,1011712,
14363648,14667264,1078528,
14306560,14504704,988416,
14279168,14617600,984320,
14196736,14343936,849920,
14242816,14395136,809216,
14224896,14247168,751872,
14213632,14218240,726016,
14264576,14296576,741632,
14206464,14131200,675840,
14245376,14311936,724224,
14234880,14318336,708096,
14209024,14167296,713728,
14265088,14339584,807168,
14180096,14255872,794624,
14231552,14395904,841472,
14190592,14431744,875776,
14567168,14419712,993536,
14286336,14632192,934912,
14192896,14401792,840960,
14217984,14529024,836352,
14224640,14484480,838656,
14210304,14341888,768512,
14276608,14469632,857344,
14259712,14297856,830208,
14338560,14434560,863744,
14302720,14395648,858880,
14185216,14290688,766464,
14228736,14424320,791552,
14177024,14294272,748288,
14233600,14455296,792832,
14201856,14426880,792576,
14192128,14337536,765184,
14199552,14456576,816384,
14150912,14281728,733952,
14203392,14402816,790272,
14203648,14314496,795136,
14171904,14270464,718080,
14185728,14422528,783360,
14144768,14259200,716032,
14300416,14393088,779008,
14304256,14376192,772352,
14176768,14343168,708864,
14220288,14485248,765440,
14145536,14341376,721152,
14239232,14585088,828928,
14203392,14506752,813568,
14246144,14448896,800256,
14312960,14557952,868864,
14279680,14391808,844288,
14273280,14558208,856064,
14205440,14437632,805376,
14175488,14402048,747264,
14209792,14546688,797184,
14149888,14376192,715008,
14204160,14515712,729600,
14179584,14468864,733952,
14177280,14422016,704000,
14220032,14543360,769792,
14167552,14334464,706816,
14198016,14475264,716032,
14151168,14439168,733184,
14155264,14358784,684288,
14443008,14520832,826624,
14203136,14304512,685568,
14205696,14418432,688896,
14164736,14345984,678144,
14170112,14283776,664064,
14191616,14435072,761856,
14148608,14294528,680960,
14266112,14465280,749312,
14257408,14369280,733440,
14288896,14312704,695552,
14227456,14339328,709120,
14132224,14149888,628480,
14195456,14373888,668416,
14155776,14243072,612864,
14173184,14260480,549888,
14214656,14365184,601088,
14112512,14035968,512256,
14139648,14037760,615680,
14155520,13844480,639488,
14185216,13836032,613376,
14231552,14069504,600064,
14228480,14004224,529920,
14382592,14269696,598528,
14514432,14203392,599552,
14279680,14243072,525056,
14289408,14317312,552704,
14265344,14167040,460032,
14350080,14340864,526336,
14340864,14198784,476672,
14375168,14184192,504576,
14460672,14357504,568320,
14426368,14171904,482816,
14442496,14373376,535296,
14350080,14232576,475136,
14366976,14251264,461312,
14373120,14406912,559360,
14345472,14212096,453120,
14402816,14401792,559360,
14361344,14249728,483072,
14394624,14231040,446976,
14437120,14317824,495616,
14372352,14140928,403200,
14434816,14370304,488960,
14397440,14226688,449280,
14582272,14251264,504832,
14512384,14429952,579840,
14404096,14205440,431872,
14455040,14363392,505344,
14424576,14113536,382976,
14465280,14097920,316160,
14488832,14165504,382976,
14483200,13967616,379904,
14619648,14217728,575232,
14550528,14077440,607488,
14500864,14149632,601344,
14470400,14268416,558336,
14434048,14207744,413952,
14507264,14394624,525312,
14447872,14160896,523008,
14485248,14162944,555776,
14493696,14205184,588800,
14481408,14113792,437760,
14541312,14368512,545792,
14467840,14164992,481024,
14494976,14254592,518400,
14504960,14263552,517376,
14610432,14130176,494080,
14685952,14405376,630528,
14514176,14180096,509952,
14535168,14225152,540160,
14529024,14309632,601600,
14488064,14132480,497920,
14574592,14374656,597504,
14553600,14218240,547328,
14628352,14265600,568064,
14624768,14287616,609024,
14543616,14092800,491264,
14552832,14209024,513536,
14487296,13840640,323840,
14497024,13547264,68352,
14502400,13379328,16702208,
14449920,13341440,16657920,
14501632,13636096,43264,
14439936,13517312,16760832,
14500352,13746432,84992,
14461440,13570304,13568,
14446592,13711104,52992,
14453760,13926656,157440,
14394880,13812992,114944,
14361344,13945600,137216,
14877952,14024704,416256,
14464000,13928448,203008,
14495232,14131712,310784,
14447872,14065920,299008,
14501888,14451456,518656,
14484736,14480384,570624,
14480384,14338304,457472,
14570240,14374912,465152,
14536960,14174976,349440,
14545408,14300672,404224,
14454784,14203136,348928,
14435328,14164224,329728,
14462464,14259968,399616,
14404096,14043648,300544,
14427904,14205184,382208,
14412032,14219776,348928,
14382080,14141952,339968,
14437632,14268672,388608,
14369792,14065664,246528,
14449152,14285568,355072,
14368256,14211584,333824,
14345216,14164992,299264,
14387200,14308096,374016,
14290432,14062592,264704,
14781184,14295296,518912,
14344960,14223104,357376,
14320384,14173696,305152,
14355200,14347008,370944,
14290432,14146304,297472,
14370816,14334464,363520,
14371840,14259712,356608,
14387968,14214400,327936,
14472960,14364672,423424,
14360320,14131456,330496,
14342656,14312192,350976,
14296832,14221568,312064,
14291712,14226432,287744,
14334464,14417664,387584,
14271232,14228736,304896,
14331648,14457856,406528,
14307072,14381824,403200,
14301440,14467584,444928,
14320896,14640384,525824,
14276608,14470144,468224,
14351872,14652160,583168,
14280448,14488320,485376,
14288384,14453248,441856,
14314240,14436096,435200,
14580224,14109696,337408,
14384384,14320128,335616,
14291712,14095360,212480,
14300928,14105344,236032,
14342912,14223360,295168,
14306816,14100224,199680,
14374144,14290688,270336,
14405376,14237440,280320,
14423040,14229760,283648,
14459392,14366208,340224,
14336000,14129920,201728,
14352640,14299648,243712,
14332160,14188800,190464,
14327296,14186752,191232,
14376960,14336512,293376,
14326528,14156288,195840,
14416896,14369024,281088,
14396160,14267136,233728,
14384384,14271232,227328,
14434304,14375680,308224,
14388992,14197504,200960,
14457088,14373888,268288,
14418176,14260992,231680,
14459904,14272256,223744,
14475264,14332672,274176,
14907136,14235136,380672,
14539008,14415360,334336,
14500352,14262272,258560,
14531840,14318592,276480,
14567168,14404352,326400,
14550016,14247936,267008,
14637056,14449920,368896,
14660096,14306560,374528,
14720512,14397696,428032,
14680576,14482688,475648,
14573056,14294016,360704,
14621696,14555648,486400,
14577408,14334720,380416,
14601216,14373376,351232,
14631168,14380288,372992,
14589952,14190848,264704,
14658560,14393600,347392,
14627584,14219776,268800,
14625792,14284544,305664,
14667520,14328576,327424,
14622720,14149376,252672,
14689536,14327808,371200,
14633728,14177280,274944,
14654208,14219776,269568,
14667776,14332928,332288,
15091200,14211840,414464,
14753792,14408192,395008,
14686720,14230272,327168,
14704384,14279424,302080,
14747136,14328064,335616,
14708480,14148608,235776,
14801920,14332928,358912,
14779648,14224896,339968,
14867712,14342656,405248,
14853888,14396928,458752,
14712320,14171648,294400,
14748928,14376704,352000,
14727936,14195712,289280,
14738176,14262016,339456,
14768384,14328832,394752,
14723584,14178304,290816,
14764544,14283776,417792,
14729216,14130176,338432,
14754048,14230016,383488,
14746112,14274304,392192,
14731008,14130944,304128,
14778624,14335488,398592,
14713600,14172160,315648,
14751232,14279424,341760,
14732288,14275584,375040,
14696704,14117376,266752,
14767872,14273024,299776,
15191040,14191104,411648,
14760448,14245376,269312,
14747904,14202368,282624,
14713088,14075904,221440,
14759168,14255616,320000,
14713856,14066688,206848,
14780416,14234368,290048,
14831360,14278400,317696,
14825472,14105856,292352,
14822912,14281472,344576,
14677504,14055424,233216,
14687744,14139136,249600,
14727680,14184448,311296,
14674944,14040576,203520,
14732288,14222848,327424,
14676480,14022912,236032,
14688768,14141440,292352,
14701312,14182144,310528,
14664704,14087168,241408,
14725376,14311680,330752,
14669056,14107392,255232,
14695680,14213888,291840,
14698752,14239232,303360,
14636544,14098688,215296,
14706176,14292736,308480,
14589952,14103296,178176,
15101696,14259200,451584,
14688256,14262016,305664,
14629632,14128640,208896,
14676992,14275840,328448,
14622208,14113280,221952,
14664960,14288640,307200,
14680576,14207488,316672,
14678016,14091008,245504,
14780672,14218496,309248,
14681856,13975296,176128,
14637824,14111232,221440,
14587136,14063872,190208,
14564864,13997824,134400,
14609920,14170624,229632,
14540032,13975296,140288,
14591232,14126336,197632,
14560512,14058752,202240,
14571264,14005504,180992,
14591488,14196224,262144,
14531584,13989376,151296,
14574336,14145792,215808,
14570496,14150912,211456,
14556928,14013440,180992,
14591232,14184960,262144,
14524672,14009088,187392,
14545664,14128384,226816,
14933248,14127104,374016,
14585088,14042112,250368,
14567936,14138368,316672,
14508800,13932544,221440,
14587648,14095104,272896,
14566400,14078464,275968,
14560768,14041856,241408,
14647296,14231296,377856,
14599936,14042368,291072,
14619904,14201600,328704,
14520832,14086912,295424,
14494464,14013440,243712,
14496256,14169344,314112,
14465792,13962752,229376,
14513920,14152704,305408,
14465792,14043648,295936,
14447616,14016768,246016,
14480896,14159616,345600,
14423040,13954816,242176,
14475776,14133760,326400,
14446080,14024192,287232,
14447104,13988608,296704,
14482688,14104832,348416,
14399744,13911040,235520,
14457088,14091264,314112,
14754304,13991936,368896,
14488832,14036736,287488,
14473728,14094848,331776,
14393856,13894656,246784,
14469120,14106624,311552,
14444288,13975296,293376,
14439936,13984256,272384,
14505728,14093824,379392,
14501376,13910784,293888,
14534144,14120960,389376,
14428416,13978112,279296,
14394112,13929728,288000,
14408448,14088960,327680,
14340608,13855232,219392,
14407168,14050560,297728,
14363392,13923328,264448,
14376448,13923584,237824,
14400768,14093824,348416,
14333184,13903360,228352,
14396160,14089472,307968,
14375424,13947136,290560,
14340352,13923328,186368,
14380800,14013440,297728,
14322944,13849856,230144,
14648832,14066176,424192,
14410752,14178560,455936,
14374144,14177536,438272,
14411776,14332160,555776,
14342144,14135808,449536,
14422272,14365696,566784,
14369792,14227200,511488,
14418176,14250496,548608,
14484224,14337792,623104,
14430208,14130432,544512,
14434304,14307072,567552,
14337280,14091008,480512,
14340096,14119936,470016,
14370304,14185984,504832,
14313216,14006016,385024,
14387712,14219264,492544,
14334464,13896960,344064,
14367488,13447680,16770560,
14353408,13747968,146944,
14326272,13614336,74752,
14372608,13888512,175872,
14296064,13821696,123136,
14343168,13840896,167168,
14764544,13977088,335360,
14331904,13851392,222464,
14377216,14066176,308224,
14345728,13888768,241920,
14381312,13956096,265984,
14403840,13974016,288000,
14386176,13860352,239872,
14515712,14041088,326912,
14476544,13901312,260608,
14462464,13962240,239104,
14394368,13939712,190976,
14350080,13829632,115200,
14431232,14010880,193536,
14376704,13839360,129536,
14420224,13963264,164352,
14416384,13974016,199424,
14401536,13876480,155904,
14459392,14023168,216064,
14434560,13896448,166656,
14459392,14016512,174592,
14459136,14031616,211456,
14414592,13950976,145408,
14868224,14152448,366848,
14528256,13986304,221440,
14489088,13393152,16568576,
14458112,13414144,16574464,
14535424,13557504,16610560,
14517504,13536768,16638720,
14599168,13601024,16620032,
14632192,13593344,16691200,
14689280,13770240,4864,
14635008,13715968,16764672,
14552832,13697792,16730368,
14583552,13707776,16703744,
14592512,13726208,16726528,
14583552,13741312,16713472,
14580992,13769216,16732160,
14604032,13780480,16733440,
14606848,13827072,21760,
14578688,14094080,170752,
14540800,13872128,107776,
14574592,13915648,16744960,
14493440,13759744,16489216,
15042560,13852672,178176,
14634240,13785600,32256,
14574848,13773056,16764160,
14617856,13772800,16762112,
14629632,13732864,16744192,
14659584,13734656,16748544,
14660608,13724160,16761344,
14710016,13771776,6912,
14674944,13718784,16710144,
14653952,13803776,16637696,
14563584,13696768,16578304,
14602240,13832192,16563968,
14549760,13746176,16528384,
14614528,13867776,16690432,
14568960,13790464,16536576,
14611456,13847552,16577280,
14631936,13765632,89600,
14656000,13861376,103936,
14593280,13815552,16630016,
14641408,13838080,11776,
14763264,13795072,69632,
14931968,13804544,16716800,
14697216,13830912,16704768,
14650624,13722624,16773120,
14723072,13813248,29184,
14704896,13772544,81920,
14708736,13829888,109056,
14779392,13848320,148480,
14762752,13844992,111104,
14817536,13887488,118784,
14746880,13815552,152320,
14658560,13854976,16628480,
14710784,13824256,72704,
14657792,13789696,152064,
14703872,13868544,16640256,
14702592,13782528,130304,
14705664,13855488,176128,
14706944,13809664,52224,
14693120,13802240,134912,
14708992,13843200,16718592,
14694656,13759232,123904,
14704896,13841408,130560,
14610944,13756928,16635648,
15062528,13926400,28416,
14744576,13832448,170496,
14636288,13800704,16642816,
14743552,13860352,16679680,
14679296,13797376,161792,
14764288,13874176,172032,
14707712,13786112,16716544,
14804992,13863680,126976,
14807040,13801984,182016,
14728448,13814016,39424,
14728960,13833984,138240,
14692096,13753856,142336,
14677760,13839360,16757504,
14635008,13761024,16621312,
14710016,13815808,137984,
14703104,13793536,128512,
14619392,13792512,16689920,
14653184,13812736,16608512,
14679552,13785088,92160,
14703616,13807616,107520,
14603776,13736448,16554240,
14681088,13840384,16706304,
14616832,13729024,18176,
15001856,13788160,183040,
14643712,13798144,16653824,
14516480,13749760,80896,
14568448,13737216,62720,
14548736,13608704,27648,
14575360,13643776,106752,
14590208,13728000,16631296,
14528256,13728256,16675840,
14706176,13742080,72960,
14601984,13687552,66048,
14578944,13659136,16772352,
14531840,13592064,16653824,
14590976,13697536,16768768,
14535168,13629440,16756480,
14556672,13726720,16703488,
14549760,13658880,38144,
14530560,13753856,87552,
14557440,13800192,157696,
14513664,13643264,16759040,
14565376,13680896,16750592,
14526208,13610496,35328,
14546944,13681920,40704,
14560256,13637376,48896,
14486272,13598208,54016,
14961920,13724416,200960,
14558464,13660416,109568,
14542848,13648896,72960,
14553088,13665536,93952,
14521344,13555456,86016,
14552320,13621504,135680,
14581760,13608960,146944,
14555648,13576960,153600,
14660352,13685760,167424,
14590464,13627136,101888,
14535680,13637120,183296,
14556928,13663744,191488,
14478080,13740544,264960,
14550528,13786624,301312,
14460160,13656832,16699648,
14506240,13726208,16764416,
14547200,13612800,85760,
14546432,13636864,209664,
14515968,13664768,97024,
14513920,13563648,208128,
14579712,13693696,203776,
14497792,13647104,27136,
14514944,13624320,200704,
14553856,13689856,184832,
14484480,13554688,16670464,
14987008,13684992,316160,
14567936,13559808,197888,
14491392,13580032,140032,
14541824,13593344,24832,
14505728,13483264,229888,
14538496,13565440,152576,
14530816,13534464,121600,
14592512,13552640,285440,
14616576,13627392,283904,
14513920,13542912,81152,
14503936,13596160,246528,
14500096,13569792,94208,
14465536,13558272,230656,
14523136,13644288,219648,
14432768,13550848,16715776,
14460928,13626112,4864,
14499072,13588992,227328,
14403840,13556224,6400,
14496512,13625088,228864,
14420224,13577472,16739584,
14423296,13593856,16736256,
14415872,13527808,9472,
14459392,13536000,235264,
14448640,13584384,16718336,
14837248,13549824,128000,
14538240,13605376,233984,
14520576,13522432,207872,
14487296,13544192,104192,
14541824,13571840,169728,
14509312,13507584,204288,
14572032,13612800,146176,
14593792,13574144,203264,
14633216,13604352,296960,
14629120,13624576,261632,
14483712,13532928,16776704,
14534144,13627392,83200,
14514176,13533440,171520,
14496768,13576960,143104,
14569728,13607424,178944,
14524160,13540352,201216,
14567936,13642496,162560,
14532864,13559552,80640,
14541568,13588736,216320,
14575104,13641728,136192,
14538240,13575168,108288,
14589440,13649408,218624,
14543616,13553152,128256,
15015424,13523968,193792,
14654208,13574656,136448,
14588672,13494528,139520,
14636800,13602048,132352,
14624000,13532416,113664,
14643456,13597184,182528,
14705152,13645312,214272,
14717184,13771264,365824,
14780672,13782272,365056,
14734336,13676288,303616,
14681600,13522944,130304,
14682368,13545984,140032,
14653440,13509120,119552,
14699264,13595904,125696,
14674432,13533952,137984,
14667776,13580800,160768,
14690048,13592320,160000,
14675200,13533184,175872,
14746624,13640448,224000,
14687488,13546752,185088,
14676736,13612800,193536,
14698240,13654016,209408,
14890240,13708032,320000,
14764544,13815296,231424,
14736640,13640960,311552,
14749440,13691136,321280,
14724096,13686784,176896,
14767616,13625344,293888,
14802176,13681152,297984,
14789376,13629184,106496,
14880256,13639168,338432,
14907904,13670656,319744,
14746368,13599744,2304,
14778112,13657856,281856,
14749184,13600768,180224,
14709760,13602048,16721664,
14779904,13615104,178944,
14754560,13550592,255744,
14735616,13636608,140288,
14766080,13553664,229632,
14809088,13619712,297728,
14729472,13591296,16736000,
14728448,13585408,114432,
14802432,13609984,244224,
14863616,13532672,16718848,
14820096,13688576,16727296,
14772224,13545472,266240,
14804224,13606656,252416,
14770176,13558016,67072,
14777600,13555712,258816,
14770944,13612800,74752,
14833408,13534720,245760,
14831872,13601280,16713216,
14837248,13547776,98816,
14770176,13543168,229888,
14775296,13535232,34304,
14735360,13452544,177152,
14702592,13483008,16668416,
14725120,13476608,39936,
14732032,13492224,202496,
14692608,13519104,82944,
14683648,13446912,167168,
14704128,13509376,155392,
14691840,13478144,76288,
14633216,13408768,168192,
14676736,13504000,3584,
14640128,13415680,17920,
15113216,13505024,283904,
14690048,13496832,207872,
14601984,13417728,16681216,
14653696,13491200,157184,
14616832,13416192,164864,
14566656,13467136,16735744,
14615808,13462016,16660736,
14629376,13500416,16673024,
14680064,13474560,186880,
14598656,13448192,172032,
14536448,13511168,16753664,
14462464,13415680,22784,
14539776,13505792,133376,
14515200,13447680,48640,
14496768,13452288,150784,
14523392,13507328,143360,
14466048,13420288,16710656,
14486272,13512704,16629504,
14437888,13439488,29440,
14518272,13509632,166912,
14447872,13483008,16652288,
14445056,13503488,16647168,
14472448,13446656,73472,
14855424,13367296,183552,
14542848,13486080,37376,
14474240,13401344,58368,
14470656,13451776,89600,
14514432,13502976,108800,
14464000,13474560,131328,
14510336,13607168,2339